{"type":"FeatureCollection","features":[{"type":"Feature","properties":{"district":"Malkangiri"},"geometry":{"type":"Polygon","coordinates":[[[82.102,18.731],[82.091,18.738],[82.085,18.719],[82.067,18.727],[82.063,18.719],[82.054,18.724],[82.031,18.724],[82.006,18.715],[81.995,18.705],[81.97,18.698],[81.961,18.689],[81.969,18.673],[81.955,18.664],[81.949,18.644],[81.922,18.643],[81.901,18.661],[81.894,18.657],[81.898,18.654],[81.894,18.642],[81.899,18.635],[81.895,18.63],[81.921,18.623],[81.931,18.618],[81.942,18.602],[81.963,18.595],[81.963,18.59],[81.953,18.583],[81.951,18.57],[81.93,18.566],[81.921,18.573],[81.912,18.571],[81.906,18.565],[81.909,18.553],[81.901,18.549],[81.909,18.538],[81.898,18.535],[81.889,18.538],[81.88,18.525],[81.868,18.525],[81.857,18.507],[81.856,18.491],[81.769,18.417],[81.75,18.353],[81.659,18.347],[81.65,18.337],[81.662,18.321],[81.651,18.322],[81.617,18.307],[81.598,18.309],[81.564,18.275],[81.535,18.268],[81.525,18.258],[81.53,18.24],[81.507,18.186],[81.524,18.166],[81.526,18.153],[81.514,18.141],[81.513,18.099],[81.48,18.051],[81.483,18.027],[81.478,17.988],[81.483,17.977],[81.472,17.961],[81.46,17.953],[81.449,17.932],[81.453,17.908],[81.445,17.886],[81.435,17.881],[81.413,17.895],[81.4,17.894],[81.394,17.869],[81.404,17.853],[81.389,17.83],[81.392,17.815],[81.402,17.821],[81.416,17.813],[81.434,17.832],[81.444,17.825],[81.474,17.838],[81.49,17.813],[81.518,17.816],[81.53,17.823],[81.564,17.826],[81.574,17.837],[81.594,17.834],[81.617,17.822],[81.622,17.833],[81.63,17.832],[81.642,17.841],[81.652,17.856],[81.654,17.869],[81.67,17.887],[81.686,17.885],[81.699,17.901],[81.709,17.872],[81.726,17.879],[81.765,17.903],[81.771,17.912],[81.79,17.921],[81.797,17.937],[81.81,17.951],[81.866,17.963],[81.893,17.976],[81.905,17.977],[81.92,17.991],[81.937,17.99],[81.963,17.999],[81.983,18.018],[81.991,18.02],[81.994,18.027],[82.009,18.03],[82.007,18.056],[82.032,18.069],[82.038,18.067],[82.04,18.057],[82.062,18.055],[82.067,18.057],[82.077,18.075],[82.096,18.067],[82.102,18.06],[82.121,18.064],[82.133,18.06],[82.137,18.044],[82.147,18.052],[82.153,18.048],[82.169,18.052],[82.184,18.029],[82.179,18.02],[82.188,18.015],[82.205,18.018],[82.208,18.01],[82.222,18.002],[82.237,18.003],[82.248,17.998],[82.269,18.001],[82.273,18.022],[82.262,18.042],[82.269,18.045],[82.272,18.056],[82.283,18.064],[82.304,18.069],[82.299,18.056],[82.31,18.054],[82.308,18.045],[82.32,18.045],[82.322,18.06],[82.33,18.058],[82.334,18.051],[82.344,18.058],[82.352,18.077],[82.347,18.08],[82.347,18.098],[82.339,18.099],[82.336,18.106],[82.334,18.127],[82.342,18.137],[82.339,18.147],[82.341,18.15],[82.363,18.135],[82.372,18.148],[82.353,18.172],[82.337,18.172],[82.315,18.184],[82.311,18.204],[82.325,18.21],[82.337,18.224],[82.324,18.231],[82.337,18.241],[82.333,18.253],[82.345,18.281],[82.366,18.278],[82.376,18.281],[82.392,18.298],[82.395,18.316],[82.389,18.329],[82.375,18.329],[82.356,18.316],[82.343,18.32],[82.338,18.328],[82.349,18.33],[82.363,18.344],[82.37,18.359],[82.386,18.368],[82.386,18.386],[82.381,18.39],[82.38,18.404],[82.364,18.422],[82.382,18.433],[82.387,18.445],[82.396,18.449],[82.404,18.464],[82.43,18.486],[82.413,18.488],[82.385,18.503],[82.389,18.511],[82.383,18.522],[82.389,18.529],[82.403,18.526],[82.402,18.541],[82.415,18.563],[82.386,18.583],[82.385,18.591],[82.409,18.602],[82.392,18.626],[82.384,18.618],[82.375,18.616],[82.371,18.624],[82.364,18.624],[82.329,18.598],[82.328,18.592],[82.313,18.576],[82.291,18.579],[82.281,18.591],[82.266,18.59],[82.254,18.604],[82.252,18.614],[82.244,18.612],[82.241,18.622],[82.234,18.624],[82.229,18.632],[82.235,18.643],[82.229,18.645],[82.23,18.658],[82.222,18.672],[82.188,18.651],[82.182,18.639],[82.171,18.639],[82.164,18.646],[82.16,18.669],[82.157,18.672],[82.146,18.665],[82.131,18.679],[82.14,18.684],[82.144,18.694],[82.141,18.706],[82.133,18.708],[82.13,18.722],[82.102,18.731]]]}},{"type":"Feature","properties":{"district":"Koraput"},"geometry":{"type":"Polygon","coordinates":[[[82.578,19.198],[82.574,19.211],[82.568,19.198],[82.548,19.206],[82.55,19.195],[82.531,19.204],[82.525,19.197],[82.518,19.203],[82.489,19.18],[82.473,19.177],[82.46,19.185],[82.453,19.176],[82.446,19.177],[82.44,19.171],[82.433,19.171],[82.412,19.186],[82.41,19.169],[82.401,19.165],[82.383,19.178],[82.372,19.17],[82.367,19.178],[82.353,19.184],[82.349,19.173],[82.34,19.168],[82.331,19.169],[82.324,19.177],[82.31,19.177],[82.286,19.148],[82.275,19.156],[82.265,19.152],[82.258,19.142],[82.23,19.144],[82.226,19.136],[82.235,19.122],[82.22,19.114],[82.209,19.121],[82.206,19.117],[82.205,19.097],[82.214,19.1],[82.219,19.095],[82.202,19.067],[82.233,19.018],[82.246,18.919],[82.237,18.914],[82.218,18.923],[82.176,18.903],[82.177,18.887],[82.16,18.879],[82.167,18.874],[82.16,18.861],[82.167,18.852],[82.169,18.836],[82.16,18.82],[82.166,18.814],[82.157,18.805],[82.166,18.8],[82.16,18.788],[82.141,18.778],[82.133,18.78],[82.133,18.765],[82.119,18.77],[82.092,18.766],[82.089,18.76],[82.094,18.747],[82.091,18.738],[82.11,18.726],[82.13,18.722],[82.133,18.708],[82.141,18.706],[82.144,18.694],[82.14,18.684],[82.131,18.679],[82.146,18.665],[82.157,18.672],[82.16,18.669],[82.164,18.646],[82.171,18.639],[82.182,18.639],[82.188,18.651],[82.222,18.672],[82.23,18.658],[82.229,18.645],[82.235,18.643],[82.229,18.631],[82.241,18.622],[82.243,18.613],[82.252,18.614],[82.254,18.604],[82.267,18.59],[82.281,18.591],[82.289,18.584],[82.288,18.58],[82.313,18.576],[82.328,18.592],[82.329,18.598],[82.363,18.623],[82.371,18.624],[82.375,18.616],[82.384,18.618],[82.39,18.626],[82.397,18.622],[82.4,18.611],[82.409,18.602],[82.385,18.591],[82.386,18.583],[82.415,18.563],[82.402,18.541],[82.403,18.526],[82.389,18.529],[82.383,18.522],[82.389,18.511],[82.385,18.503],[82.388,18.5],[82.413,18.488],[82.43,18.486],[82.445,18.514],[82.461,18.525],[82.473,18.543],[82.487,18.55],[82.494,18.543],[82.481,18.541],[82.487,18.528],[82.505,18.513],[82.515,18.518],[82.532,18.511],[82.526,18.496],[82.533,18.488],[82.528,18.481],[82.534,18.478],[82.519,18.466],[82.528,18.464],[82.527,18.46],[82.533,18.459],[82.54,18.444],[82.544,18.449],[82.542,18.458],[82.555,18.454],[82.562,18.447],[82.551,18.433],[82.552,18.429],[82.541,18.422],[82.547,18.413],[82.535,18.407],[82.555,18.394],[82.562,18.4],[82.576,18.396],[82.584,18.387],[82.589,18.392],[82.595,18.389],[82.6,18.38],[82.605,18.382],[82.606,18.366],[82.621,18.36],[82.615,18.351],[82.602,18.352],[82.611,18.334],[82.609,18.327],[82.595,18.329],[82.588,18.318],[82.584,18.32],[82.581,18.315],[82.585,18.308],[82.596,18.31],[82.599,18.304],[82.588,18.276],[82.597,18.274],[82.597,18.265],[82.614,18.258],[82.638,18.237],[82.652,18.25],[82.642,18.264],[82.643,18.272],[82.649,18.273],[82.652,18.281],[82.644,18.288],[82.643,18.302],[82.651,18.302],[82.657,18.296],[82.667,18.298],[82.676,18.307],[82.684,18.304],[82.695,18.312],[82.709,18.313],[82.715,18.322],[82.725,18.325],[82.734,18.32],[82.741,18.323],[82.738,18.327],[82.743,18.33],[82.755,18.33],[82.76,18.34],[82.765,18.336],[82.774,18.34],[82.776,18.349],[82.791,18.363],[82.783,18.382],[82.794,18.386],[82.791,18.396],[82.8,18.407],[82.787,18.411],[82.782,18.431],[82.803,18.449],[82.816,18.451],[82.846,18.434],[82.852,18.419],[82.856,18.425],[82.871,18.418],[82.895,18.424],[82.898,18.403],[82.891,18.39],[82.894,18.382],[82.913,18.368],[82.922,18.375],[82.926,18.368],[82.94,18.361],[82.96,18.366],[82.97,18.36],[82.983,18.366],[82.988,18.379],[82.997,18.386],[83.005,18.383],[83.022,18.392],[83.043,18.379],[83.055,18.381],[83.077,18.403],[83.064,18.409],[83.057,18.419],[83.066,18.423],[83.067,18.43],[83.059,18.437],[83.043,18.424],[83.038,18.435],[83.041,18.441],[83.033,18.448],[83.025,18.448],[83.021,18.456],[83.055,18.486],[83.055,18.496],[83.075,18.515],[83.077,18.526],[83.094,18.54],[83.095,18.547],[83.09,18.553],[83.081,18.554],[83.062,18.542],[83.045,18.544],[83.03,18.573],[83.04,18.586],[83.053,18.588],[83.053,18.601],[83.024,18.59],[83.014,18.594],[83.015,18.605],[83.0,18.608],[83.0,18.62],[83.02,18.635],[83.013,18.646],[83.025,18.654],[83.058,18.665],[83.063,18.684],[83.075,18.701],[83.071,18.702],[83.073,18.706],[83.092,18.723],[83.095,18.731],[83.102,18.733],[83.112,18.753],[83.122,18.758],[83.121,18.766],[83.115,18.768],[83.138,18.785],[83.156,18.768],[83.178,18.771],[83.193,18.753],[83.207,18.751],[83.212,18.73],[83.228,18.757],[83.224,18.775],[83.243,18.768],[83.263,18.77],[83.271,18.765],[83.281,18.775],[83.275,18.783],[83.284,18.798],[83.309,18.81],[83.319,18.805],[83.331,18.806],[83.328,18.818],[83.348,18.827],[83.368,18.844],[83.378,18.831],[83.406,18.843],[83.405,18.862],[83.415,18.874],[83.397,18.879],[83.378,18.897],[83.393,18.907],[83.391,18.91],[83.382,18.914],[83.37,18.908],[83.36,18.915],[83.352,18.943],[83.37,18.942],[83.371,18.926],[83.382,18.927],[83.387,18.933],[83.371,18.943],[83.367,18.963],[83.35,18.966],[83.35,18.943],[83.344,18.941],[83.348,18.926],[83.335,18.925],[83.325,18.933],[83.327,18.945],[83.338,18.946],[83.339,18.953],[83.333,18.958],[83.335,18.969],[83.328,18.967],[83.319,18.973],[83.311,18.999],[83.327,19.002],[83.339,18.997],[83.337,19.006],[83.343,19.018],[83.348,19.017],[83.347,19.025],[83.362,19.048],[83.359,19.052],[83.345,19.052],[83.34,19.061],[83.345,19.073],[83.338,19.083],[83.341,19.102],[83.327,19.1],[83.32,19.114],[83.309,19.118],[83.302,19.114],[83.298,19.123],[83.29,19.115],[83.285,19.117],[83.285,19.126],[83.279,19.123],[83.259,19.068],[83.262,19.069],[83.267,19.063],[83.268,19.055],[83.26,19.039],[83.243,19.027],[83.234,19.026],[83.237,18.99],[83.22,18.984],[83.201,18.96],[83.185,18.961],[83.197,18.991],[83.184,19.014],[83.193,19.052],[83.187,19.059],[83.195,19.075],[83.185,19.081],[83.19,19.096],[83.179,19.098],[83.195,19.119],[83.205,19.123],[83.205,19.133],[83.221,19.138],[83.225,19.123],[83.245,19.128],[83.24,19.133],[83.241,19.145],[83.256,19.153],[83.257,19.164],[83.248,19.162],[83.227,19.173],[83.22,19.162],[83.198,19.169],[83.197,19.16],[83.205,19.154],[83.201,19.148],[83.189,19.151],[83.175,19.145],[83.166,19.138],[83.162,19.122],[83.15,19.125],[83.148,19.136],[83.136,19.136],[83.13,19.093],[83.12,19.09],[83.107,19.114],[83.101,19.111],[83.087,19.088],[83.074,19.082],[83.073,19.071],[83.066,19.063],[83.072,19.058],[83.065,19.044],[83.048,19.056],[83.032,19.055],[83.022,19.061],[83.019,19.074],[83.028,19.079],[83.029,19.087],[83.019,19.095],[83.009,19.096],[83.005,19.121],[82.981,19.138],[82.979,19.173],[82.955,19.156],[82.92,19.162],[82.901,19.155],[82.904,19.16],[82.897,19.168],[82.898,19.174],[82.883,19.184],[82.878,19.183],[82.87,19.194],[82.872,19.2],[82.863,19.207],[82.856,19.206],[82.854,19.193],[82.843,19.2],[82.833,19.19],[82.836,19.182],[82.823,19.172],[82.827,19.157],[82.823,19.148],[82.815,19.156],[82.817,19.17],[82.803,19.151],[82.792,19.155],[82.795,19.163],[82.788,19.173],[82.779,19.165],[82.761,19.171],[82.761,19.165],[82.75,19.173],[82.74,19.168],[82.741,19.16],[82.736,19.157],[82.723,19.161],[82.726,19.166],[82.721,19.172],[82.725,19.174],[82.708,19.179],[82.707,19.187],[82.702,19.191],[82.686,19.186],[82.68,19.197],[82.669,19.184],[82.654,19.189],[82.637,19.176],[82.642,19.16],[82.64,19.149],[82.633,19.162],[82.624,19.161],[82.63,19.154],[82.626,19.151],[82.615,19.159],[82.615,19.183],[82.605,19.181],[82.598,19.192],[82.59,19.193],[82.588,19.203],[82.582,19.195],[82.578,19.198]]]}},{"type":"Feature","properties":{"district":"Nabarangpur"},"geometry":{"type":"Polygon","coordinates":[[[81.953,20.102],[81.946,20.105],[81.937,20.102],[81.895,20.048],[81.882,20.044],[81.876,20.052],[81.865,20.027],[81.867,20.011],[81.861,20.004],[81.855,19.972],[81.845,19.96],[81.845,19.952],[81.857,19.948],[81.852,19.922],[81.87,19.903],[81.968,19.86],[81.965,19.837],[81.986,19.801],[81.995,19.797],[82.01,19.804],[82.049,19.797],[82.053,19.792],[82.06,19.796],[82.066,19.791],[82.06,19.767],[82.064,19.759],[82.05,19.746],[82.051,19.719],[82.045,19.709],[82.055,19.666],[82.052,19.647],[82.059,19.628],[82.051,19.617],[82.051,19.608],[82.04,19.598],[82.05,19.574],[82.046,19.561],[82.051,19.549],[82.048,19.533],[82.037,19.528],[82.029,19.508],[82.065,19.511],[82.076,19.524],[82.1,19.517],[82.098,19.499],[82.108,19.494],[82.103,19.466],[82.113,19.46],[82.114,19.448],[82.126,19.429],[82.171,19.437],[82.189,19.428],[82.179,19.379],[82.172,19.373],[82.153,19.377],[82.147,19.365],[82.149,19.353],[82.179,19.343],[82.194,19.326],[82.181,19.323],[82.177,19.299],[82.166,19.288],[82.158,19.265],[82.158,19.227],[82.169,19.213],[82.162,19.202],[82.168,19.195],[82.18,19.192],[82.175,19.182],[82.182,19.174],[82.176,19.172],[82.186,19.166],[82.178,19.156],[82.175,19.163],[82.17,19.161],[82.181,19.151],[82.172,19.15],[82.17,19.145],[82.176,19.139],[82.166,19.135],[82.171,19.12],[82.177,19.119],[82.182,19.132],[82.22,19.114],[82.235,19.122],[82.226,19.136],[82.23,19.144],[82.258,19.142],[82.265,19.152],[82.275,19.156],[82.286,19.148],[82.311,19.177],[82.324,19.177],[82.331,19.169],[82.34,19.168],[82.349,19.173],[82.353,19.184],[82.367,19.178],[82.372,19.17],[82.383,19.178],[82.393,19.167],[82.402,19.165],[82.41,19.169],[82.412,19.186],[82.433,19.171],[82.44,19.171],[82.446,19.177],[82.453,19.176],[82.46,19.185],[82.473,19.177],[82.489,19.18],[82.518,19.203],[82.525,19.197],[82.531,19.204],[82.55,19.195],[82.549,19.206],[82.569,19.198],[82.573,19.211],[82.58,19.195],[82.588,19.203],[82.59,19.193],[82.598,19.192],[82.605,19.181],[82.616,19.182],[82.615,19.159],[82.625,19.151],[82.63,19.154],[82.624,19.159],[82.626,19.162],[82.634,19.162],[82.637,19.149],[82.642,19.153],[82.637,19.176],[82.654,19.189],[82.669,19.184],[82.68,19.197],[82.686,19.186],[82.702,19.191],[82.707,19.187],[82.708,19.179],[82.725,19.174],[82.721,19.172],[82.726,19.166],[82.723,19.161],[82.736,19.157],[82.741,19.16],[82.74,19.168],[82.75,19.173],[82.761,19.165],[82.761,19.171],[82.779,19.165],[82.788,19.173],[82.795,19.163],[82.792,19.155],[82.803,19.151],[82.817,19.17],[82.815,19.156],[82.823,19.148],[82.827,19.157],[82.823,19.172],[82.836,19.182],[82.833,19.19],[82.843,19.2],[82.854,19.193],[82.856,19.206],[82.846,19.212],[82.847,19.224],[82.836,19.236],[82.824,19.239],[82.814,19.231],[82.799,19.236],[82.804,19.237],[82.817,19.257],[82.825,19.256],[82.83,19.276],[82.826,19.282],[82.839,19.301],[82.844,19.301],[82.841,19.308],[82.853,19.308],[82.844,19.317],[82.848,19.324],[82.823,19.322],[82.813,19.329],[82.79,19.333],[82.786,19.342],[82.78,19.343],[82.772,19.34],[82.769,19.335],[82.773,19.332],[82.757,19.327],[82.756,19.333],[82.748,19.337],[82.741,19.349],[82.726,19.345],[82.725,19.354],[82.717,19.353],[82.712,19.363],[82.712,19.368],[82.717,19.37],[82.708,19.379],[82.707,19.39],[82.712,19.391],[82.706,19.4],[82.716,19.404],[82.712,19.414],[82.707,19.415],[82.708,19.419],[82.697,19.416],[82.69,19.42],[82.683,19.437],[82.674,19.434],[82.674,19.442],[82.664,19.444],[82.66,19.457],[82.65,19.46],[82.649,19.477],[82.643,19.483],[82.633,19.482],[82.634,19.492],[82.647,19.508],[82.624,19.52],[82.607,19.521],[82.614,19.525],[82.616,19.539],[82.588,19.54],[82.58,19.547],[82.566,19.545],[82.568,19.566],[82.559,19.574],[82.558,19.582],[82.536,19.578],[82.529,19.585],[82.537,19.597],[82.54,19.595],[82.547,19.612],[82.538,19.616],[82.525,19.632],[82.556,19.645],[82.577,19.681],[82.568,19.684],[82.568,19.709],[82.573,19.714],[82.568,19.715],[82.562,19.727],[82.568,19.735],[82.573,19.734],[82.593,19.747],[82.602,19.747],[82.596,19.76],[82.595,19.775],[82.582,19.783],[82.585,19.802],[82.576,19.808],[82.579,19.83],[82.576,19.829],[82.576,19.833],[82.584,19.844],[82.589,19.843],[82.588,19.849],[82.603,19.867],[82.596,19.873],[82.583,19.869],[82.573,19.878],[82.561,19.874],[82.556,19.881],[82.548,19.876],[82.535,19.887],[82.531,19.878],[82.519,19.891],[82.505,19.89],[82.505,19.9],[82.497,19.904],[82.473,19.907],[82.472,19.902],[82.464,19.901],[82.446,19.91],[82.437,19.905],[82.418,19.904],[82.419,19.9],[82.395,19.888],[82.375,19.86],[82.361,19.863],[82.364,19.851],[82.344,19.835],[82.331,19.845],[82.326,19.862],[82.303,19.889],[82.302,19.903],[82.276,19.949],[82.269,19.975],[82.237,20.003],[82.217,19.997],[82.21,19.986],[82.184,19.984],[82.171,20.006],[82.153,20.008],[82.14,20.019],[82.127,20.015],[82.103,20.031],[82.102,20.04],[82.089,20.039],[82.085,20.051],[82.07,20.057],[82.038,20.03],[82.04,20.023],[82.033,20.016],[82.022,20.024],[82.018,20.049],[82.006,20.056],[81.995,20.054],[81.984,20.073],[81.953,20.102]]]}},{"type":"Feature","properties":{"district":"Nuapada"},"geometry":{"type":"Polygon","coordinates":[[[82.637,21.09],[82.63,21.079],[82.617,21.079],[82.612,21.075],[82.629,21.038],[82.613,21.023],[82.611,21.013],[82.571,20.972],[82.559,20.948],[82.543,20.937],[82.527,20.934],[82.516,20.922],[82.504,20.92],[82.488,20.908],[82.491,20.881],[82.487,20.862],[82.481,20.851],[82.465,20.843],[82.469,20.835],[82.464,20.829],[82.454,20.828],[82.439,20.836],[82.42,20.832],[82.41,20.842],[82.413,20.851],[82.405,20.87],[82.396,20.87],[82.39,20.875],[82.376,20.868],[82.365,20.871],[82.359,20.874],[82.364,20.888],[82.351,20.89],[82.34,20.847],[82.342,20.805],[82.346,20.798],[82.342,20.768],[82.354,20.736],[82.346,20.732],[82.354,20.72],[82.35,20.706],[82.355,20.693],[82.374,20.667],[82.368,20.65],[82.376,20.632],[82.365,20.622],[82.362,20.61],[82.347,20.603],[82.344,20.593],[82.351,20.581],[82.343,20.572],[82.333,20.569],[82.332,20.562],[82.349,20.547],[82.358,20.529],[82.39,20.518],[82.388,20.495],[82.392,20.479],[82.398,20.473],[82.396,20.46],[82.408,20.463],[82.418,20.482],[82.427,20.469],[82.426,20.445],[82.434,20.446],[82.438,20.434],[82.43,20.428],[82.432,20.417],[82.417,20.408],[82.421,20.393],[82.4,20.342],[82.409,20.328],[82.421,20.324],[82.431,20.314],[82.43,20.301],[82.438,20.294],[82.433,20.282],[82.412,20.267],[82.411,20.26],[82.422,20.248],[82.411,20.243],[82.415,20.227],[82.422,20.221],[82.421,20.205],[82.413,20.199],[82.412,20.181],[82.39,20.164],[82.394,20.153],[82.386,20.146],[82.398,20.124],[82.401,20.096],[82.401,20.081],[82.396,20.069],[82.398,20.058],[82.448,20.041],[82.479,20.038],[82.494,20.024],[82.509,20.018],[82.55,20.018],[82.583,20.003],[82.59,19.994],[82.605,19.99],[82.621,19.992],[82.633,20.005],[82.642,20.007],[82.715,19.996],[82.717,20.006],[82.728,20.023],[82.745,20.025],[82.748,20.042],[82.74,20.053],[82.755,20.055],[82.788,20.103],[82.814,20.102],[82.82,20.113],[82.816,20.128],[82.823,20.165],[82.811,20.172],[82.812,20.185],[82.817,20.189],[82.827,20.187],[82.845,20.194],[82.861,20.231],[82.859,20.237],[82.852,20.237],[82.851,20.243],[82.852,20.253],[82.858,20.256],[82.856,20.28],[82.845,20.29],[82.84,20.282],[82.821,20.281],[82.81,20.295],[82.819,20.307],[82.816,20.318],[82.834,20.322],[82.837,20.316],[82.833,20.307],[82.841,20.303],[82.836,20.296],[82.846,20.291],[82.852,20.301],[82.851,20.339],[82.835,20.336],[82.833,20.341],[82.822,20.345],[82.814,20.358],[82.807,20.34],[82.811,20.327],[82.803,20.321],[82.788,20.324],[82.794,20.339],[82.79,20.347],[82.813,20.364],[82.815,20.381],[82.804,20.385],[82.797,20.372],[82.781,20.37],[82.772,20.354],[82.764,20.353],[82.748,20.362],[82.727,20.355],[82.715,20.357],[82.715,20.368],[82.723,20.371],[82.73,20.383],[82.715,20.398],[82.709,20.416],[82.696,20.426],[82.694,20.431],[82.7,20.443],[82.696,20.45],[82.684,20.453],[82.683,20.461],[82.689,20.469],[82.687,20.476],[82.695,20.482],[82.705,20.504],[82.709,20.527],[82.704,20.533],[82.71,20.544],[82.71,20.57],[82.729,20.585],[82.73,20.606],[82.742,20.631],[82.727,20.639],[82.731,20.654],[82.724,20.658],[82.725,20.671],[82.719,20.678],[82.694,20.684],[82.693,20.706],[82.7,20.73],[82.685,20.733],[82.686,20.744],[82.697,20.754],[82.698,20.761],[82.69,20.774],[82.683,20.814],[82.687,20.855],[82.681,20.885],[82.692,20.9],[82.699,20.938],[82.687,20.973],[82.692,21.022],[82.68,21.035],[82.669,21.065],[82.637,21.09]]]}},{"type":"Feature","properties":{"district":"Sundargarh"},"geometry":{"type":"Polygon","coordinates":[[[83.998,22.531],[83.981,22.522],[83.981,22.516],[83.975,22.512],[83.98,22.502],[84.017,22.489],[84.027,22.475],[84.047,22.469],[84.047,22.438],[84.03,22.427],[84.03,22.42],[84.013,22.397],[84.006,22.382],[84.01,22.372],[83.997,22.372],[83.97,22.359],[83.955,22.362],[83.943,22.355],[83.923,22.358],[83.907,22.351],[83.901,22.339],[83.89,22.337],[83.879,22.335],[83.864,22.343],[83.854,22.338],[83.85,22.325],[83.831,22.323],[83.822,22.312],[83.826,22.293],[83.795,22.286],[83.792,22.276],[83.777,22.27],[83.776,22.257],[83.76,22.251],[83.758,22.24],[83.704,22.247],[83.666,22.233],[83.655,22.22],[83.65,22.223],[83.627,22.204],[83.613,22.178],[83.608,22.154],[83.564,22.105],[83.563,22.096],[83.577,22.09],[83.606,22.067],[83.587,22.049],[83.582,22.055],[83.55,22.053],[83.548,22.059],[83.537,22.043],[83.54,22.022],[83.556,22.008],[83.543,21.994],[83.537,21.978],[83.539,21.966],[83.562,21.948],[83.557,21.935],[83.59,21.93],[83.606,21.914],[83.599,21.905],[83.586,21.902],[83.587,21.895],[83.578,21.889],[83.581,21.883],[83.574,21.875],[83.591,21.851],[83.578,21.838],[83.581,21.83],[83.59,21.826],[83.597,21.832],[83.608,21.833],[83.609,21.846],[83.623,21.849],[83.628,21.846],[83.627,21.839],[83.636,21.819],[83.687,21.802],[83.689,21.79],[83.719,21.786],[83.729,21.794],[83.728,21.803],[83.738,21.817],[83.794,21.867],[83.799,21.87],[83.813,21.855],[83.809,21.861],[83.816,21.885],[83.829,21.877],[83.831,21.896],[83.838,21.894],[83.846,21.904],[83.852,21.903],[83.864,21.911],[83.852,21.924],[83.877,21.923],[83.896,21.946],[83.959,21.943],[83.965,21.921],[83.976,21.905],[84.005,21.923],[84.027,21.954],[84.046,21.948],[84.054,21.937],[84.061,21.934],[84.079,21.938],[84.079,21.954],[84.088,21.964],[84.084,21.98],[84.069,21.985],[84.07,21.99],[84.086,21.99],[84.089,21.999],[84.103,21.997],[84.106,21.992],[84.117,22.013],[84.136,21.999],[84.167,22.002],[84.201,21.986],[84.203,21.978],[84.23,21.975],[84.241,21.981],[84.258,22.004],[84.268,22.009],[84.266,22.044],[84.27,22.062],[84.266,22.076],[84.271,22.091],[84.267,22.104],[84.27,22.11],[84.278,22.11],[84.278,22.123],[84.298,22.118],[84.316,22.128],[84.34,22.13],[84.364,22.15],[84.383,22.147],[84.418,22.173],[84.476,22.19],[84.481,22.166],[84.496,22.138],[84.501,22.109],[84.494,22.099],[84.495,22.093],[84.514,22.085],[84.508,22.07],[84.51,22.057],[84.528,22.046],[84.524,22.033],[84.508,22.02],[84.509,22.001],[84.5,21.972],[84.5,21.961],[84.505,21.959],[84.514,21.966],[84.515,21.974],[84.527,21.973],[84.527,21.958],[84.518,21.958],[84.517,21.948],[84.525,21.926],[84.509,21.919],[84.495,21.921],[84.491,21.912],[84.493,21.906],[84.507,21.905],[84.527,21.89],[84.53,21.878],[84.525,21.872],[84.539,21.862],[84.528,21.852],[84.523,21.831],[84.526,21.814],[84.567,21.787],[84.565,21.776],[84.554,21.769],[84.57,21.768],[84.588,21.758],[84.61,21.767],[84.627,21.761],[84.639,21.767],[84.664,21.763],[84.679,21.749],[84.675,21.736],[84.691,21.71],[84.703,21.707],[84.718,21.717],[84.73,21.693],[84.747,21.682],[84.741,21.669],[84.749,21.664],[84.752,21.628],[84.757,21.624],[84.779,21.626],[84.793,21.637],[84.783,21.641],[84.782,21.649],[84.79,21.669],[84.828,21.66],[84.855,21.661],[84.857,21.652],[84.861,21.652],[84.878,21.658],[84.901,21.659],[84.903,21.668],[84.914,21.671],[84.941,21.659],[84.954,21.665],[84.956,21.684],[84.965,21.683],[84.975,21.673],[84.981,21.674],[84.983,21.682],[84.989,21.679],[84.998,21.682],[85.026,21.672],[85.031,21.659],[85.026,21.653],[85.029,21.628],[85.038,21.623],[85.035,21.609],[85.048,21.591],[85.065,21.592],[85.066,21.599],[85.077,21.604],[85.092,21.603],[85.106,21.594],[85.131,21.6],[85.144,21.595],[85.166,21.623],[85.177,21.62],[85.194,21.64],[85.192,21.645],[85.18,21.645],[85.184,21.649],[85.18,21.654],[85.191,21.661],[85.186,21.679],[85.193,21.69],[85.184,21.709],[85.191,21.722],[85.213,21.739],[85.214,21.747],[85.207,21.747],[85.2,21.762],[85.21,21.775],[85.215,21.799],[85.226,21.82],[85.243,21.804],[85.255,21.816],[85.271,21.818],[85.281,21.835],[85.291,21.837],[85.297,21.826],[85.309,21.82],[85.341,21.825],[85.364,21.86],[85.368,21.9],[85.374,21.903],[85.376,21.911],[85.376,21.936],[85.368,21.942],[85.353,21.942],[85.347,21.95],[85.314,21.959],[85.299,21.953],[85.272,21.96],[85.265,21.975],[85.231,21.997],[85.239,22.01],[85.221,22.018],[85.215,22.048],[85.186,22.059],[85.181,22.073],[85.168,22.07],[85.174,22.053],[85.171,22.051],[85.156,22.078],[85.144,22.08],[85.12,22.07],[85.112,22.087],[85.101,22.094],[85.095,22.108],[85.088,22.106],[85.055,22.116],[85.024,22.11],[85.016,22.104],[85.012,22.091],[84.994,22.081],[84.985,22.087],[84.983,22.096],[85.027,22.123],[85.034,22.147],[85.029,22.163],[85.053,22.182],[85.049,22.195],[85.059,22.206],[85.072,22.238],[85.07,22.248],[85.078,22.257],[85.071,22.274],[85.1,22.294],[85.116,22.294],[85.114,22.31],[85.118,22.318],[85.106,22.321],[85.095,22.316],[85.091,22.319],[85.096,22.345],[85.083,22.345],[85.077,22.356],[85.087,22.383],[85.087,22.399],[85.08,22.41],[85.082,22.417],[85.068,22.428],[85.067,22.441],[85.06,22.45],[85.077,22.464],[85.076,22.48],[85.06,22.486],[85.036,22.482],[85.037,22.473],[85.019,22.471],[84.965,22.449],[84.959,22.443],[84.957,22.458],[84.94,22.445],[84.924,22.444],[84.926,22.435],[84.91,22.423],[84.886,22.421],[84.889,22.429],[84.882,22.448],[84.873,22.439],[84.846,22.436],[84.839,22.431],[84.818,22.438],[84.813,22.453],[84.796,22.446],[84.759,22.447],[84.75,22.419],[84.699,22.416],[84.674,22.422],[84.668,22.418],[84.629,22.435],[84.603,22.429],[84.598,22.435],[84.594,22.43],[84.549,22.421],[84.547,22.426],[84.536,22.427],[84.524,22.42],[84.511,22.421],[84.482,22.413],[84.477,22.405],[84.485,22.389],[84.435,22.374],[84.431,22.368],[84.434,22.36],[84.428,22.353],[84.4,22.346],[84.37,22.356],[84.366,22.348],[84.295,22.341],[84.269,22.355],[84.251,22.378],[84.199,22.376],[84.185,22.39],[84.156,22.408],[84.141,22.426],[84.141,22.474],[84.113,22.476],[84.106,22.481],[84.108,22.484],[84.07,22.501],[84.075,22.506],[84.065,22.508],[84.06,22.516],[84.053,22.513],[84.049,22.517],[84.037,22.516],[84.026,22.526],[84.013,22.523],[83.998,22.531]]]}},{"type":"Feature","properties":{"district":"Kendrapara"},"geometry":{"type":"MultiPolygon","coordinates":[[[[86.78,20.358],[86.781,20.358],[86.781,20.359],[86.782,20.359],[86.783,20.36],[86.783,20.361],[86.784,20.362],[86.784,20.363],[86.785,20.363],[86.785,20.364],[86.784,20.364],[86.783,20.364],[86.781,20.362],[86.78,20.361],[86.78,20.36],[86.78,20.359],[86.78,20.358]]],[[[86.792,20.382],[86.793,20.382],[86.793,20.383],[86.793,20.384],[86.792,20.384],[86.792,20.385],[86.792,20.386],[86.791,20.386],[86.79,20.386],[86.79,20.385],[86.79,20.383],[86.79,20.382],[86.791,20.382],[86.792,20.382]]],[[[86.806,20.396],[86.796,20.4],[86.803,20.39],[86.799,20.386],[86.796,20.395],[86.799,20.365],[86.807,20.374],[86.806,20.396]]],[[[86.788,20.383],[86.794,20.389],[86.792,20.407],[86.808,20.453],[86.793,20.493],[86.8,20.469],[86.796,20.46],[86.8,20.443],[86.79,20.433],[86.788,20.383]]],[[[87.012,20.712],[87.013,20.717],[87.007,20.712],[87.012,20.712]]],[[[87.003,20.712],[87.004,20.712],[87.004,20.713],[87.005,20.714],[87.006,20.715],[87.008,20.718],[87.008,20.719],[87.008,20.72],[87.007,20.719],[87.006,20.718],[87.005,20.717],[87.004,20.715],[87.002,20.713],[87.002,20.712],[87.002,20.711],[87.003,20.712]]],[[[86.982,20.778],[86.983,20.785],[86.978,20.779],[86.982,20.778]]],[[[86.632,20.792],[86.628,20.798],[86.622,20.797],[86.621,20.781],[86.614,20.781],[86.615,20.774],[86.608,20.778],[86.608,20.772],[86.588,20.78],[86.567,20.775],[86.553,20.756],[86.541,20.752],[86.539,20.74],[86.543,20.738],[86.538,20.734],[86.544,20.735],[86.543,20.73],[86.556,20.739],[86.561,20.738],[86.558,20.728],[86.552,20.73],[86.546,20.722],[86.556,20.707],[86.547,20.703],[86.542,20.694],[86.53,20.696],[86.524,20.688],[86.52,20.699],[86.515,20.7],[86.511,20.687],[86.487,20.679],[86.469,20.689],[86.464,20.68],[86.452,20.675],[86.456,20.654],[86.45,20.648],[86.427,20.645],[86.418,20.635],[86.422,20.625],[86.41,20.628],[86.4,20.624],[86.377,20.594],[86.366,20.595],[86.345,20.61],[86.33,20.609],[86.326,20.626],[86.32,20.63],[86.313,20.595],[86.32,20.591],[86.314,20.581],[86.299,20.579],[86.297,20.584],[86.286,20.584],[86.28,20.581],[86.273,20.564],[86.257,20.562],[86.271,20.559],[86.249,20.541],[86.249,20.531],[86.256,20.533],[86.276,20.519],[86.268,20.508],[86.277,20.496],[86.27,20.489],[86.265,20.491],[86.262,20.485],[86.268,20.482],[86.265,20.47],[86.274,20.455],[86.265,20.451],[86.275,20.447],[86.267,20.438],[86.27,20.437],[86.268,20.425],[86.277,20.422],[86.272,20.406],[86.266,20.405],[86.266,20.395],[86.274,20.4],[86.276,20.397],[86.269,20.392],[86.273,20.388],[86.261,20.387],[86.257,20.375],[86.258,20.38],[86.251,20.381],[86.246,20.372],[86.248,20.365],[86.262,20.366],[86.269,20.372],[86.274,20.368],[86.273,20.357],[86.288,20.363],[86.305,20.355],[86.31,20.362],[86.318,20.354],[86.325,20.358],[86.325,20.369],[86.336,20.37],[86.349,20.351],[86.359,20.35],[86.361,20.358],[86.39,20.354],[86.389,20.363],[86.394,20.365],[86.412,20.359],[86.412,20.352],[86.423,20.342],[86.434,20.347],[86.432,20.336],[86.441,20.337],[86.452,20.33],[86.473,20.337],[86.499,20.328],[86.52,20.341],[86.549,20.324],[86.599,20.342],[86.664,20.329],[86.682,20.319],[86.694,20.298],[86.723,20.298],[86.771,20.329],[86.783,20.341],[86.778,20.344],[86.781,20.348],[86.798,20.363],[86.794,20.369],[86.779,20.357],[86.789,20.375],[86.791,20.366],[86.797,20.376],[86.792,20.379],[86.79,20.376],[86.786,20.381],[86.781,20.379],[86.776,20.405],[86.746,20.379],[86.751,20.388],[86.743,20.38],[86.746,20.392],[86.738,20.39],[86.739,20.401],[86.731,20.393],[86.724,20.394],[86.734,20.415],[86.729,20.441],[86.734,20.464],[86.741,20.471],[86.742,20.466],[86.746,20.468],[86.759,20.5],[86.775,20.521],[86.869,20.591],[87.058,20.717],[87.026,20.702],[87.0,20.698],[87.006,20.703],[87.0,20.704],[86.997,20.712],[87.006,20.735],[86.992,20.77],[86.944,20.766],[86.942,20.773],[86.951,20.775],[86.938,20.781],[86.874,20.788],[86.864,20.782],[86.861,20.775],[86.833,20.763],[86.822,20.746],[86.805,20.757],[86.797,20.755],[86.793,20.732],[86.78,20.741],[86.766,20.734],[86.756,20.737],[86.753,20.747],[86.76,20.761],[86.755,20.769],[86.731,20.77],[86.726,20.764],[86.71,20.76],[86.707,20.776],[86.697,20.777],[86.677,20.79],[86.661,20.787],[86.66,20.795],[86.653,20.797],[86.642,20.788],[86.637,20.798],[86.632,20.792]]]]}},{"type":"Feature","properties":{"district":"Baleshwar"},"geometry":{"type":"MultiPolygon","coordinates":[[[[87.43,21.586],[87.419,21.579],[87.414,21.56],[87.43,21.586]]],[[[87.172,21.978],[87.162,21.968],[87.161,21.935],[87.142,21.924],[87.107,21.922],[87.091,21.901],[87.099,21.891],[87.096,21.874],[87.103,21.859],[87.118,21.855],[87.122,21.842],[87.176,21.814],[87.184,21.793],[87.173,21.813],[87.169,21.809],[87.171,21.789],[87.162,21.789],[87.164,21.785],[87.159,21.771],[87.13,21.779],[87.122,21.772],[87.122,21.783],[87.112,21.786],[87.118,21.785],[87.117,21.789],[87.104,21.784],[87.102,21.772],[87.122,21.754],[87.107,21.755],[87.095,21.747],[87.096,21.733],[87.083,21.738],[87.086,21.733],[87.094,21.732],[87.093,21.727],[87.088,21.73],[87.088,21.716],[87.081,21.721],[87.076,21.715],[87.079,21.712],[87.071,21.713],[87.069,21.707],[87.045,21.716],[87.042,21.737],[87.046,21.741],[87.026,21.743],[87.024,21.739],[87.031,21.733],[87.031,21.722],[87.037,21.722],[87.037,21.697],[87.053,21.685],[87.049,21.677],[87.041,21.679],[87.038,21.672],[87.032,21.673],[87.031,21.661],[87.024,21.663],[87.025,21.673],[87.018,21.67],[87.018,21.674],[87.011,21.678],[87.007,21.673],[87.002,21.677],[86.989,21.672],[86.989,21.653],[87.012,21.649],[87.013,21.638],[87.005,21.627],[86.999,21.627],[86.998,21.623],[86.998,21.635],[86.993,21.636],[86.987,21.629],[86.993,21.627],[86.988,21.619],[86.995,21.62],[87.001,21.615],[86.997,21.611],[87.006,21.599],[86.99,21.593],[86.992,21.597],[86.974,21.585],[86.963,21.588],[86.96,21.581],[86.963,21.593],[86.955,21.596],[86.956,21.585],[86.952,21.584],[86.956,21.573],[86.942,21.577],[86.92,21.591],[86.917,21.582],[86.91,21.581],[86.912,21.592],[86.904,21.598],[86.902,21.593],[86.902,21.599],[86.907,21.6],[86.9,21.612],[86.889,21.614],[86.889,21.624],[86.883,21.624],[86.875,21.638],[86.873,21.622],[86.886,21.613],[86.879,21.613],[86.864,21.59],[86.855,21.604],[86.847,21.605],[86.845,21.599],[86.836,21.606],[86.831,21.604],[86.83,21.609],[86.828,21.605],[86.799,21.608],[86.793,21.603],[86.795,21.597],[86.774,21.604],[86.766,21.601],[86.753,21.607],[86.74,21.606],[86.735,21.599],[86.722,21.599],[86.707,21.587],[86.694,21.585],[86.683,21.597],[86.664,21.578],[86.649,21.58],[86.649,21.559],[86.64,21.55],[86.638,21.534],[86.626,21.534],[86.624,21.524],[86.62,21.526],[86.611,21.518],[86.582,21.523],[86.532,21.426],[86.489,21.384],[86.436,21.353],[86.434,21.341],[86.405,21.32],[86.394,21.32],[86.383,21.31],[86.358,21.299],[86.353,21.284],[86.36,21.266],[86.369,21.264],[86.372,21.259],[86.364,21.237],[86.374,21.224],[86.407,21.22],[86.419,21.203],[86.422,21.223],[86.436,21.217],[86.436,21.205],[86.446,21.195],[86.426,21.181],[86.432,21.176],[86.44,21.18],[86.439,21.169],[86.428,21.162],[86.45,21.154],[86.455,21.163],[86.511,21.137],[86.53,21.159],[86.559,21.159],[86.561,21.145],[86.581,21.124],[86.579,21.118],[86.585,21.118],[86.59,21.109],[86.588,21.1],[86.594,21.097],[86.616,21.1],[86.631,21.093],[86.625,21.072],[86.635,21.065],[86.648,21.063],[86.648,21.077],[86.642,21.081],[86.649,21.088],[86.662,21.084],[86.665,21.098],[86.653,21.101],[86.661,21.124],[86.655,21.128],[86.667,21.145],[86.662,21.151],[86.673,21.17],[86.691,21.167],[86.699,21.183],[86.703,21.184],[86.73,21.177],[86.743,21.182],[86.766,21.17],[86.77,21.172],[86.774,21.176],[86.76,21.186],[86.763,21.192],[86.758,21.197],[86.77,21.213],[86.77,21.226],[86.785,21.22],[86.788,21.227],[86.791,21.222],[86.793,21.226],[86.799,21.224],[86.802,21.231],[86.804,21.226],[86.817,21.225],[86.816,21.221],[86.825,21.221],[86.817,21.217],[86.832,21.208],[86.832,21.216],[86.886,21.299],[86.893,21.318],[86.897,21.316],[86.91,21.328],[86.912,21.337],[86.924,21.345],[86.979,21.41],[87.028,21.442],[87.056,21.469],[87.074,21.471],[87.108,21.5],[87.119,21.517],[87.131,21.513],[87.161,21.529],[87.196,21.541],[87.199,21.547],[87.241,21.552],[87.25,21.557],[87.362,21.558],[87.407,21.583],[87.408,21.589],[87.485,21.612],[87.486,21.632],[87.481,21.633],[87.473,21.652],[87.46,21.651],[87.461,21.663],[87.467,21.664],[87.467,21.679],[87.474,21.697],[87.474,21.715],[87.463,21.725],[87.469,21.733],[87.445,21.734],[87.445,21.739],[87.454,21.739],[87.445,21.744],[87.446,21.768],[87.404,21.771],[87.398,21.767],[87.391,21.771],[87.393,21.776],[87.385,21.777],[87.374,21.773],[87.374,21.765],[87.37,21.765],[87.372,21.779],[87.36,21.783],[87.356,21.792],[87.347,21.793],[87.339,21.785],[87.336,21.794],[87.319,21.791],[87.322,21.798],[87.311,21.794],[87.31,21.799],[87.298,21.801],[87.297,21.812],[87.291,21.811],[87.284,21.803],[87.277,21.805],[87.275,21.817],[87.264,21.819],[87.271,21.827],[87.265,21.83],[87.26,21.849],[87.249,21.853],[87.252,21.877],[87.234,21.901],[87.237,21.908],[87.249,21.915],[87.245,21.925],[87.249,21.936],[87.239,21.941],[87.231,21.957],[87.211,21.964],[87.197,21.96],[87.178,21.97],[87.172,21.978]]]]}},{"type":"Feature","properties":{"district":"Bhadrak"},"geometry":{"type":"MultiPolygon","coordinates":[[[[87.057,20.73],[87.058,20.731],[87.058,20.732],[87.057,20.732],[87.057,20.733],[87.056,20.733],[87.056,20.732],[87.057,20.732],[87.057,20.731],[87.056,20.73],[87.055,20.73],[87.054,20.73],[87.053,20.73],[87.054,20.73],[87.056,20.73],[87.057,20.73]]],[[[87.052,20.738],[87.051,20.738],[87.051,20.737],[87.052,20.737],[87.053,20.737],[87.053,20.738],[87.052,20.738]]],[[[87.074,20.732],[87.078,20.744],[87.075,20.734],[87.07,20.733],[87.074,20.727],[87.074,20.732]]],[[[87.055,20.745],[87.049,20.744],[87.06,20.744],[87.055,20.745]]],[[[87.098,20.747],[87.098,20.748],[87.097,20.748],[87.098,20.747]]],[[[87.071,20.737],[87.07,20.738],[87.07,20.739],[87.071,20.74],[87.072,20.742],[87.072,20.743],[87.072,20.744],[87.072,20.746],[87.072,20.747],[87.072,20.748],[87.072,20.749],[87.071,20.747],[87.071,20.746],[87.071,20.745],[87.071,20.744],[87.07,20.743],[87.07,20.742],[87.07,20.74],[87.07,20.739],[87.07,20.738],[87.069,20.738],[87.07,20.737],[87.071,20.736],[87.071,20.737]]],[[[87.1,20.749],[87.101,20.749],[87.101,20.75],[87.102,20.751],[87.102,20.752],[87.102,20.751],[87.1,20.751],[87.099,20.75],[87.099,20.749],[87.1,20.749]]],[[[87.086,20.764],[87.073,20.753],[87.098,20.755],[87.086,20.764]]],[[[87.074,20.791],[87.069,20.793],[87.074,20.788],[87.075,20.767],[87.074,20.791]]],[[[86.99,20.802],[86.99,20.803],[86.99,20.804],[86.989,20.804],[86.988,20.804],[86.987,20.804],[86.987,20.803],[86.986,20.803],[86.986,20.802],[86.987,20.802],[86.988,20.802],[86.989,20.802],[86.99,20.802]]],[[[86.361,21.237],[86.352,21.237],[86.353,21.211],[86.348,21.192],[86.341,21.189],[86.339,21.179],[86.323,21.176],[86.325,21.179],[86.321,21.181],[86.311,21.169],[86.292,21.176],[86.274,21.153],[86.271,21.141],[86.284,21.137],[86.291,21.126],[86.289,21.119],[86.308,21.113],[86.303,21.105],[86.307,21.097],[86.305,21.088],[86.318,21.081],[86.318,21.07],[86.325,21.06],[86.321,21.055],[86.313,21.06],[86.304,21.02],[86.282,21.022],[86.29,21.01],[86.284,20.984],[86.289,20.961],[86.277,20.917],[86.284,20.901],[86.31,20.896],[86.32,20.877],[86.335,20.878],[86.336,20.872],[86.328,20.868],[86.328,20.862],[86.355,20.851],[86.37,20.86],[86.39,20.865],[86.422,20.856],[86.426,20.847],[86.436,20.849],[86.451,20.843],[86.468,20.861],[86.479,20.86],[86.482,20.855],[86.494,20.867],[86.502,20.865],[86.512,20.87],[86.544,20.86],[86.567,20.864],[86.594,20.858],[86.601,20.845],[86.601,20.83],[86.609,20.83],[86.611,20.818],[86.623,20.808],[86.614,20.804],[86.614,20.795],[86.627,20.799],[86.632,20.792],[86.637,20.798],[86.643,20.788],[86.646,20.795],[86.658,20.797],[86.661,20.787],[86.677,20.79],[86.697,20.777],[86.707,20.776],[86.71,20.76],[86.726,20.764],[86.731,20.77],[86.755,20.769],[86.76,20.76],[86.753,20.742],[86.763,20.734],[86.78,20.741],[86.793,20.732],[86.796,20.753],[86.802,20.757],[86.822,20.746],[86.833,20.763],[86.861,20.775],[86.864,20.782],[86.874,20.788],[86.95,20.776],[86.966,20.789],[86.976,20.818],[86.98,20.858],[86.967,20.873],[86.939,20.921],[86.894,21.013],[86.869,21.048],[86.848,21.096],[86.842,21.125],[86.842,21.175],[86.856,21.204],[86.855,21.211],[86.842,21.204],[86.833,21.206],[86.817,21.217],[86.825,21.221],[86.816,21.221],[86.817,21.225],[86.804,21.226],[86.802,21.231],[86.799,21.224],[86.793,21.226],[86.791,21.222],[86.788,21.227],[86.785,21.22],[86.77,21.226],[86.77,21.213],[86.758,21.197],[86.763,21.192],[86.76,21.186],[86.774,21.176],[86.77,21.172],[86.766,21.17],[86.743,21.182],[86.73,21.177],[86.703,21.184],[86.699,21.183],[86.691,21.167],[86.673,21.17],[86.662,21.151],[86.667,21.145],[86.655,21.128],[86.661,21.124],[86.653,21.101],[86.665,21.098],[86.665,21.095],[86.662,21.084],[86.649,21.088],[86.642,21.081],[86.649,21.072],[86.649,21.064],[86.643,21.062],[86.625,21.074],[86.631,21.093],[86.616,21.1],[86.594,21.097],[86.588,21.1],[86.59,21.109],[86.585,21.118],[86.579,21.118],[86.581,21.124],[86.561,21.145],[86.559,21.159],[86.53,21.159],[86.511,21.137],[86.455,21.163],[86.448,21.154],[86.428,21.162],[86.439,21.169],[86.44,21.18],[86.432,21.176],[86.426,21.181],[86.446,21.195],[86.436,21.205],[86.439,21.209],[86.433,21.22],[86.422,21.223],[86.419,21.203],[86.407,21.22],[86.375,21.224],[86.368,21.236],[86.361,21.237]]]]}},{"type":"Feature","properties":{"district":"Mayurbhanj"},"geometry":{"type":"Polygon","coordinates":[[[86.045,22.568],[86.024,22.545],[86.034,22.534],[86.027,22.524],[86.021,22.527],[86.001,22.515],[85.985,22.515],[85.973,22.506],[85.972,22.492],[85.963,22.485],[85.963,22.473],[85.957,22.465],[85.968,22.461],[85.966,22.451],[85.985,22.435],[86.003,22.426],[86.015,22.429],[86.018,22.402],[86.027,22.386],[86.019,22.361],[85.998,22.342],[86.003,22.336],[86.011,22.341],[86.027,22.335],[86.012,22.322],[86.014,22.313],[86.029,22.308],[86.041,22.312],[86.047,22.309],[86.014,22.297],[86.004,22.28],[85.988,22.267],[85.99,22.254],[85.974,22.247],[86.003,22.214],[86.018,22.205],[86.031,22.191],[85.997,22.132],[86.007,22.117],[85.944,22.02],[85.931,22.023],[85.923,22.011],[85.916,22.009],[85.91,21.988],[85.912,21.98],[85.907,21.977],[85.911,21.973],[85.906,21.97],[85.896,21.984],[85.882,21.98],[85.853,21.984],[85.824,21.975],[85.817,21.986],[85.805,21.989],[85.783,21.985],[85.763,21.996],[85.761,22.015],[85.78,22.03],[85.784,22.04],[85.775,22.056],[85.793,22.082],[85.816,22.074],[85.836,22.08],[85.833,22.093],[85.813,22.094],[85.821,22.106],[85.807,22.116],[85.797,22.105],[85.767,22.093],[85.749,22.074],[85.709,22.058],[85.693,22.063],[85.686,22.054],[85.677,22.057],[85.674,22.042],[85.662,22.034],[85.669,22.015],[85.702,22.005],[85.697,21.993],[85.705,21.985],[85.737,21.993],[85.746,21.987],[85.747,21.977],[85.765,21.974],[85.776,21.959],[85.785,21.961],[85.794,21.951],[85.788,21.904],[85.805,21.888],[85.8,21.877],[85.809,21.852],[85.806,21.831],[85.809,21.812],[85.825,21.803],[85.838,21.811],[85.846,21.804],[85.873,21.796],[85.883,21.791],[85.885,21.783],[85.893,21.782],[85.902,21.771],[85.9,21.767],[85.909,21.771],[85.917,21.76],[85.936,21.764],[85.966,21.74],[85.975,21.744],[85.977,21.739],[85.993,21.748],[85.996,21.743],[86.002,21.75],[86.005,21.745],[86.013,21.752],[86.019,21.732],[86.028,21.725],[86.024,21.696],[86.034,21.692],[86.05,21.718],[86.057,21.694],[86.065,21.688],[86.073,21.695],[86.082,21.692],[86.072,21.664],[86.073,21.645],[86.081,21.637],[86.079,21.63],[86.066,21.614],[86.068,21.609],[86.05,21.595],[86.046,21.577],[86.027,21.572],[86.016,21.561],[86.019,21.552],[86.006,21.534],[86.091,21.497],[86.126,21.474],[86.135,21.463],[86.135,21.455],[86.161,21.423],[86.153,21.412],[86.135,21.4],[86.12,21.371],[86.125,21.361],[86.104,21.351],[86.109,21.342],[86.105,21.326],[86.096,21.323],[86.089,21.313],[86.106,21.305],[86.114,21.274],[86.135,21.266],[86.135,21.282],[86.143,21.279],[86.156,21.292],[86.159,21.292],[86.159,21.285],[86.185,21.272],[86.206,21.281],[86.224,21.324],[86.237,21.331],[86.25,21.351],[86.265,21.363],[86.266,21.38],[86.283,21.377],[86.295,21.357],[86.328,21.342],[86.354,21.321],[86.36,21.312],[86.358,21.299],[86.383,21.31],[86.394,21.32],[86.405,21.32],[86.434,21.341],[86.436,21.353],[86.481,21.377],[86.532,21.426],[86.582,21.523],[86.611,21.518],[86.62,21.526],[86.624,21.524],[86.626,21.534],[86.638,21.534],[86.64,21.55],[86.649,21.559],[86.649,21.58],[86.664,21.578],[86.683,21.597],[86.694,21.585],[86.707,21.587],[86.722,21.599],[86.735,21.599],[86.74,21.606],[86.753,21.607],[86.766,21.601],[86.774,21.604],[86.795,21.597],[86.793,21.603],[86.799,21.608],[86.828,21.605],[86.83,21.609],[86.831,21.604],[86.836,21.606],[86.845,21.599],[86.847,21.605],[86.855,21.604],[86.864,21.59],[86.879,21.613],[86.886,21.613],[86.873,21.622],[86.875,21.638],[86.883,21.624],[86.889,21.624],[86.889,21.614],[86.9,21.612],[86.907,21.6],[86.902,21.599],[86.902,21.593],[86.904,21.598],[86.912,21.592],[86.91,21.581],[86.917,21.582],[86.92,21.591],[86.942,21.577],[86.957,21.573],[86.952,21.582],[86.956,21.585],[86.955,21.596],[86.963,21.593],[86.96,21.581],[86.963,21.588],[86.974,21.585],[86.992,21.597],[86.99,21.593],[87.007,21.599],[86.997,21.611],[86.999,21.618],[86.988,21.619],[86.993,21.627],[86.987,21.629],[86.993,21.636],[86.998,21.635],[86.998,21.623],[86.999,21.627],[87.005,21.627],[87.013,21.638],[87.012,21.649],[86.989,21.653],[86.989,21.672],[87.002,21.677],[87.007,21.673],[87.011,21.678],[87.018,21.674],[87.018,21.67],[87.025,21.673],[87.024,21.663],[87.031,21.661],[87.032,21.673],[87.038,21.672],[87.041,21.679],[87.049,21.677],[87.052,21.682],[87.048,21.691],[87.037,21.697],[87.037,21.722],[87.031,21.722],[87.031,21.733],[87.024,21.739],[87.026,21.743],[87.046,21.741],[87.042,21.737],[87.045,21.716],[87.069,21.707],[87.071,21.713],[87.079,21.712],[87.076,21.715],[87.081,21.721],[87.088,21.716],[87.088,21.73],[87.093,21.727],[87.094,21.732],[87.086,21.733],[87.083,21.738],[87.096,21.733],[87.095,21.747],[87.107,21.755],[87.122,21.754],[87.102,21.772],[87.104,21.784],[87.117,21.789],[87.118,21.785],[87.112,21.786],[87.122,21.783],[87.122,21.772],[87.13,21.779],[87.159,21.771],[87.164,21.785],[87.162,21.789],[87.171,21.789],[87.169,21.809],[87.173,21.813],[87.184,21.793],[87.176,21.814],[87.122,21.842],[87.118,21.855],[87.103,21.859],[87.098,21.867],[87.046,21.868],[87.026,21.876],[87.023,21.892],[87.009,21.9],[87.0,21.913],[87.009,21.948],[87.03,21.985],[87.031,21.997],[87.022,22.019],[87.027,22.037],[87.014,22.048],[86.993,22.055],[86.972,22.072],[86.965,22.086],[86.906,22.092],[86.85,22.104],[86.844,22.096],[86.834,22.099],[86.835,22.104],[86.825,22.119],[86.806,22.12],[86.81,22.127],[86.799,22.13],[86.804,22.139],[86.802,22.151],[86.794,22.157],[86.765,22.15],[86.72,22.147],[86.716,22.186],[86.721,22.189],[86.719,22.199],[86.725,22.218],[86.708,22.223],[86.684,22.222],[86.675,22.229],[86.67,22.243],[86.654,22.236],[86.651,22.244],[86.655,22.251],[86.644,22.269],[86.64,22.266],[86.632,22.273],[86.627,22.27],[86.61,22.283],[86.593,22.279],[86.582,22.302],[86.577,22.301],[86.577,22.296],[86.569,22.301],[86.554,22.298],[86.541,22.308],[86.533,22.301],[86.523,22.315],[86.528,22.315],[86.527,22.324],[86.508,22.328],[86.497,22.347],[86.487,22.348],[86.483,22.338],[86.472,22.336],[86.462,22.326],[86.445,22.329],[86.442,22.306],[86.439,22.304],[86.43,22.307],[86.427,22.318],[86.408,22.321],[86.358,22.35],[86.35,22.364],[86.321,22.385],[86.321,22.397],[86.306,22.41],[86.303,22.422],[86.293,22.427],[86.281,22.449],[86.268,22.442],[86.225,22.453],[86.217,22.463],[86.223,22.467],[86.214,22.466],[86.208,22.473],[86.117,22.487],[86.103,22.5],[86.095,22.519],[86.075,22.544],[86.045,22.568]]]}},{"type":"Feature","properties":{"district":"Kendujhar"},"geometry":{"type":"Polygon","coordinates":[[[85.403,22.162],[85.384,22.156],[85.366,22.159],[85.36,22.143],[85.364,22.123],[85.346,22.13],[85.324,22.128],[85.31,22.118],[85.275,22.082],[85.252,22.027],[85.231,21.997],[85.265,21.975],[85.272,21.961],[85.284,21.954],[85.299,21.953],[85.314,21.959],[85.347,21.95],[85.353,21.942],[85.368,21.942],[85.376,21.936],[85.376,21.911],[85.374,21.903],[85.368,21.9],[85.364,21.86],[85.341,21.825],[85.309,21.82],[85.297,21.826],[85.291,21.837],[85.281,21.835],[85.271,21.818],[85.255,21.816],[85.243,21.804],[85.226,21.82],[85.215,21.799],[85.21,21.775],[85.2,21.762],[85.207,21.747],[85.214,21.747],[85.213,21.739],[85.191,21.722],[85.184,21.709],[85.193,21.697],[85.186,21.679],[85.191,21.661],[85.202,21.661],[85.209,21.675],[85.219,21.673],[85.243,21.68],[85.253,21.675],[85.255,21.652],[85.266,21.642],[85.262,21.633],[85.267,21.623],[85.283,21.602],[85.289,21.605],[85.292,21.6],[85.283,21.596],[85.286,21.584],[85.303,21.571],[85.303,21.567],[85.313,21.568],[85.308,21.557],[85.3,21.554],[85.299,21.546],[85.305,21.539],[85.301,21.531],[85.321,21.535],[85.321,21.52],[85.329,21.51],[85.328,21.49],[85.332,21.482],[85.321,21.465],[85.307,21.462],[85.31,21.458],[85.304,21.448],[85.262,21.457],[85.255,21.451],[85.259,21.443],[85.268,21.439],[85.272,21.429],[85.302,21.417],[85.307,21.412],[85.305,21.396],[85.326,21.391],[85.33,21.377],[85.342,21.366],[85.335,21.356],[85.336,21.348],[85.331,21.347],[85.329,21.328],[85.323,21.319],[85.315,21.33],[85.303,21.317],[85.297,21.317],[85.297,21.309],[85.285,21.305],[85.282,21.299],[85.275,21.304],[85.272,21.302],[85.276,21.293],[85.27,21.274],[85.287,21.264],[85.295,21.277],[85.315,21.263],[85.339,21.258],[85.361,21.244],[85.382,21.214],[85.38,21.199],[85.387,21.191],[85.471,21.12],[85.498,21.115],[85.531,21.147],[85.545,21.167],[85.592,21.138],[85.606,21.136],[85.625,21.161],[85.663,21.167],[85.683,21.186],[85.69,21.179],[85.708,21.181],[85.703,21.174],[85.706,21.169],[85.718,21.161],[85.729,21.141],[85.741,21.139],[85.751,21.149],[85.762,21.145],[85.766,21.116],[85.771,21.115],[85.773,21.105],[85.784,21.101],[85.789,21.105],[85.807,21.107],[85.812,21.094],[85.822,21.091],[85.848,21.096],[85.863,21.088],[85.887,21.086],[85.917,21.093],[85.929,21.124],[85.929,21.136],[85.949,21.129],[85.959,21.134],[85.962,21.13],[85.962,21.14],[85.969,21.137],[85.975,21.143],[85.982,21.136],[86.007,21.145],[86.012,21.141],[86.02,21.145],[86.025,21.139],[86.037,21.161],[86.043,21.157],[86.049,21.161],[86.063,21.153],[86.066,21.164],[86.082,21.17],[86.089,21.168],[86.08,21.164],[86.075,21.155],[86.075,21.131],[86.051,21.117],[86.046,21.101],[86.033,21.093],[86.027,21.073],[86.038,21.06],[86.034,21.047],[86.05,21.022],[86.055,21.024],[86.083,21.016],[86.088,21.023],[86.093,21.054],[86.107,21.059],[86.111,21.056],[86.118,21.068],[86.13,21.067],[86.134,21.076],[86.158,21.065],[86.192,21.057],[86.206,21.058],[86.231,21.041],[86.261,21.039],[86.282,21.022],[86.304,21.02],[86.313,21.06],[86.321,21.055],[86.324,21.063],[86.318,21.07],[86.318,21.081],[86.305,21.088],[86.307,21.097],[86.303,21.105],[86.308,21.113],[86.287,21.12],[86.291,21.126],[86.284,21.137],[86.271,21.14],[86.272,21.147],[86.292,21.176],[86.311,21.169],[86.321,21.181],[86.325,21.179],[86.323,21.176],[86.339,21.179],[86.341,21.189],[86.348,21.192],[86.353,21.211],[86.352,21.237],[86.368,21.241],[86.372,21.259],[86.369,21.264],[86.36,21.266],[86.353,21.284],[86.36,21.312],[86.354,21.321],[86.328,21.342],[86.295,21.357],[86.283,21.377],[86.266,21.38],[86.265,21.363],[86.25,21.351],[86.237,21.331],[86.224,21.324],[86.206,21.281],[86.185,21.272],[86.159,21.285],[86.159,21.292],[86.156,21.292],[86.143,21.279],[86.135,21.282],[86.135,21.266],[86.114,21.274],[86.106,21.305],[86.089,21.313],[86.096,21.323],[86.105,21.326],[86.109,21.342],[86.104,21.351],[86.125,21.361],[86.12,21.371],[86.135,21.4],[86.153,21.412],[86.161,21.423],[86.135,21.455],[86.135,21.463],[86.126,21.474],[86.091,21.497],[86.006,21.534],[86.019,21.552],[86.016,21.561],[86.027,21.572],[86.046,21.577],[86.05,21.595],[86.068,21.609],[86.066,21.614],[86.079,21.63],[86.081,21.637],[86.073,21.645],[86.072,21.664],[86.082,21.692],[86.073,21.695],[86.065,21.688],[86.057,21.694],[86.05,21.718],[86.034,21.692],[86.024,21.696],[86.028,21.725],[86.019,21.732],[86.013,21.752],[86.005,21.745],[86.002,21.75],[85.996,21.743],[85.993,21.748],[85.977,21.739],[85.975,21.744],[85.966,21.74],[85.936,21.764],[85.917,21.76],[85.909,21.771],[85.9,21.767],[85.902,21.771],[85.893,21.782],[85.885,21.783],[85.883,21.791],[85.873,21.796],[85.846,21.804],[85.838,21.811],[85.825,21.803],[85.809,21.812],[85.806,21.831],[85.809,21.852],[85.8,21.877],[85.805,21.888],[85.788,21.904],[85.794,21.951],[85.785,21.961],[85.776,21.959],[85.765,21.974],[85.747,21.977],[85.746,21.987],[85.738,21.993],[85.706,21.985],[85.697,21.993],[85.702,22.001],[85.701,22.006],[85.669,22.015],[85.662,22.034],[85.674,22.042],[85.679,22.062],[85.657,22.084],[85.654,22.094],[85.645,22.095],[85.64,22.087],[85.625,22.082],[85.613,22.082],[85.611,22.087],[85.607,22.08],[85.597,22.079],[85.572,22.091],[85.566,22.089],[85.56,22.096],[85.543,22.09],[85.54,22.102],[85.515,22.116],[85.49,22.121],[85.462,22.14],[85.421,22.159],[85.403,22.162]]]}},{"type":"Feature","properties":{"district":"Jajapur"},"geometry":{"type":"Polygon","coordinates":[[[86.088,21.165],[86.089,21.168],[86.081,21.17],[86.074,21.164],[86.067,21.164],[86.062,21.153],[86.049,21.161],[86.043,21.157],[86.037,21.161],[86.025,21.139],[86.02,21.145],[86.012,21.141],[86.007,21.145],[85.982,21.136],[85.975,21.143],[85.969,21.137],[85.962,21.14],[85.962,21.13],[85.959,21.134],[85.949,21.129],[85.929,21.136],[85.929,21.124],[85.917,21.093],[85.888,21.086],[85.863,21.088],[85.848,21.096],[85.822,21.091],[85.812,21.094],[85.807,21.107],[85.789,21.105],[85.784,21.101],[85.773,21.105],[85.771,21.115],[85.766,21.116],[85.762,21.145],[85.752,21.149],[85.741,21.139],[85.709,21.143],[85.699,21.139],[85.681,21.112],[85.701,21.075],[85.716,21.065],[85.72,21.068],[85.727,21.064],[85.731,21.028],[85.724,21.02],[85.718,20.996],[85.721,20.981],[85.743,20.992],[85.77,20.988],[85.78,20.972],[85.801,20.968],[85.819,20.946],[85.819,20.933],[85.827,20.925],[85.845,20.933],[85.86,20.928],[85.917,20.928],[85.92,20.901],[85.898,20.856],[85.898,20.847],[85.944,20.84],[85.954,20.833],[85.958,20.84],[85.972,20.831],[85.97,20.823],[85.997,20.818],[85.999,20.813],[86.031,20.809],[86.032,20.797],[86.021,20.776],[86.023,20.769],[86.018,20.766],[86.028,20.762],[86.024,20.744],[86.031,20.741],[86.024,20.727],[86.016,20.73],[86.009,20.725],[85.981,20.737],[85.959,20.721],[85.951,20.723],[85.932,20.715],[85.905,20.716],[85.904,20.706],[85.91,20.701],[85.929,20.701],[85.937,20.692],[85.958,20.685],[85.966,20.667],[85.974,20.669],[85.985,20.661],[85.992,20.646],[86.004,20.642],[86.006,20.625],[86.016,20.622],[86.043,20.6],[86.041,20.592],[86.049,20.59],[86.072,20.6],[86.078,20.595],[86.081,20.612],[86.087,20.617],[86.117,20.614],[86.122,20.625],[86.14,20.634],[86.145,20.642],[86.161,20.65],[86.165,20.643],[86.174,20.645],[86.175,20.653],[86.18,20.657],[86.181,20.651],[86.187,20.658],[86.191,20.656],[86.189,20.639],[86.186,20.644],[86.182,20.638],[86.164,20.638],[86.185,20.632],[86.184,20.626],[86.201,20.632],[86.207,20.627],[86.209,20.616],[86.222,20.608],[86.251,20.605],[86.258,20.601],[86.26,20.59],[86.266,20.584],[86.314,20.581],[86.32,20.591],[86.313,20.595],[86.32,20.63],[86.326,20.626],[86.33,20.609],[86.345,20.61],[86.366,20.595],[86.377,20.594],[86.4,20.624],[86.41,20.628],[86.422,20.625],[86.418,20.635],[86.427,20.645],[86.45,20.648],[86.456,20.654],[86.452,20.675],[86.464,20.68],[86.469,20.689],[86.487,20.679],[86.511,20.687],[86.514,20.699],[86.52,20.699],[86.526,20.688],[86.529,20.695],[86.542,20.694],[86.547,20.703],[86.556,20.707],[86.546,20.722],[86.552,20.73],[86.559,20.729],[86.561,20.738],[86.551,20.737],[86.546,20.73],[86.544,20.735],[86.538,20.735],[86.543,20.738],[86.539,20.74],[86.541,20.752],[86.553,20.756],[86.564,20.774],[86.586,20.78],[86.601,20.772],[86.609,20.772],[86.608,20.778],[86.617,20.775],[86.614,20.78],[86.621,20.781],[86.625,20.793],[86.622,20.797],[86.614,20.795],[86.613,20.802],[86.623,20.808],[86.611,20.818],[86.609,20.83],[86.601,20.83],[86.601,20.845],[86.594,20.858],[86.567,20.864],[86.544,20.86],[86.512,20.87],[86.502,20.865],[86.494,20.867],[86.482,20.855],[86.479,20.86],[86.468,20.861],[86.451,20.843],[86.436,20.849],[86.426,20.847],[86.422,20.856],[86.39,20.865],[86.37,20.86],[86.355,20.851],[86.328,20.862],[86.328,20.868],[86.336,20.872],[86.335,20.878],[86.32,20.877],[86.311,20.895],[86.298,20.901],[86.287,20.9],[86.28,20.905],[86.278,20.926],[86.289,20.958],[86.284,20.984],[86.29,21.01],[86.285,21.019],[86.261,21.039],[86.234,21.04],[86.206,21.058],[86.192,21.057],[86.158,21.065],[86.134,21.076],[86.13,21.067],[86.118,21.068],[86.111,21.056],[86.107,21.059],[86.093,21.054],[86.088,21.023],[86.083,21.016],[86.055,21.024],[86.048,21.023],[86.034,21.047],[86.034,21.056],[86.038,21.059],[86.027,21.073],[86.03,21.084],[86.034,21.094],[86.047,21.102],[86.051,21.117],[86.075,21.131],[86.075,21.155],[86.08,21.164],[86.088,21.165]]]}},{"type":"Feature","properties":{"district":"Jagatsinghapur"},"geometry":{"type":"Polygon","coordinates":[[[86.029,20.395],[86.03,20.401],[86.026,20.402],[86.011,20.377],[86.013,20.366],[86.022,20.357],[86.033,20.295],[86.042,20.282],[86.067,20.266],[86.069,20.252],[86.078,20.244],[86.126,20.222],[86.146,20.22],[86.151,20.214],[86.147,20.2],[86.14,20.201],[86.139,20.195],[86.147,20.191],[86.15,20.178],[86.168,20.168],[86.146,20.173],[86.142,20.167],[86.149,20.16],[86.142,20.144],[86.156,20.135],[86.155,20.122],[86.164,20.114],[86.155,20.1],[86.154,20.091],[86.165,20.084],[86.168,20.072],[86.183,20.057],[86.184,20.051],[86.201,20.052],[86.207,20.045],[86.203,20.043],[86.205,20.039],[86.211,20.043],[86.22,20.035],[86.23,20.043],[86.243,20.037],[86.254,20.053],[86.278,20.055],[86.27,20.041],[86.314,20.025],[86.323,20.018],[86.343,19.979],[86.355,19.973],[86.374,19.976],[86.378,19.967],[86.39,19.981],[86.414,19.997],[86.414,20.011],[86.434,20.052],[86.477,20.097],[86.524,20.173],[86.596,20.224],[86.657,20.254],[86.68,20.26],[86.672,20.263],[86.669,20.276],[86.676,20.275],[86.674,20.27],[86.68,20.264],[86.681,20.271],[86.748,20.307],[86.78,20.336],[86.723,20.298],[86.697,20.297],[86.689,20.301],[86.682,20.319],[86.664,20.329],[86.605,20.341],[86.577,20.337],[86.549,20.324],[86.52,20.341],[86.499,20.328],[86.473,20.337],[86.452,20.33],[86.441,20.337],[86.432,20.336],[86.434,20.347],[86.423,20.342],[86.412,20.352],[86.412,20.359],[86.394,20.365],[86.389,20.363],[86.39,20.354],[86.37,20.359],[86.366,20.356],[86.36,20.358],[86.359,20.35],[86.349,20.351],[86.336,20.37],[86.325,20.369],[86.325,20.358],[86.315,20.354],[86.31,20.362],[86.305,20.355],[86.288,20.363],[86.273,20.357],[86.274,20.368],[86.269,20.372],[86.262,20.366],[86.238,20.366],[86.221,20.36],[86.206,20.367],[86.199,20.363],[86.186,20.377],[86.165,20.379],[86.145,20.361],[86.13,20.357],[86.107,20.365],[86.106,20.369],[86.114,20.369],[86.104,20.374],[86.101,20.367],[86.089,20.362],[86.08,20.374],[86.073,20.373],[86.067,20.383],[86.045,20.396],[86.029,20.395]]]}},{"type":"Feature","properties":{"district":"Cuttack"},"geometry":{"type":"Polygon","coordinates":[[[85.924,20.7],[85.91,20.701],[85.91,20.689],[85.904,20.678],[85.891,20.669],[85.888,20.659],[85.88,20.657],[85.865,20.668],[85.85,20.668],[85.81,20.66],[85.788,20.673],[85.781,20.663],[85.762,20.662],[85.761,20.644],[85.752,20.646],[85.754,20.636],[85.727,20.646],[85.716,20.638],[85.712,20.624],[85.705,20.626],[85.704,20.622],[85.713,20.615],[85.709,20.605],[85.689,20.596],[85.673,20.574],[85.664,20.569],[85.656,20.55],[85.649,20.552],[85.634,20.542],[85.613,20.543],[85.599,20.538],[85.585,20.514],[85.569,20.516],[85.555,20.527],[85.548,20.525],[85.511,20.538],[85.504,20.536],[85.497,20.524],[85.483,20.522],[85.481,20.507],[85.465,20.498],[85.457,20.484],[85.445,20.498],[85.415,20.509],[85.406,20.509],[85.408,20.488],[85.4,20.487],[85.383,20.5],[85.35,20.497],[85.336,20.504],[85.317,20.503],[85.294,20.517],[85.283,20.512],[85.251,20.519],[85.211,20.548],[85.212,20.554],[85.197,20.567],[85.208,20.576],[85.195,20.582],[85.178,20.601],[85.155,20.612],[85.148,20.609],[85.126,20.616],[85.117,20.61],[85.094,20.619],[85.089,20.616],[85.092,20.613],[85.086,20.595],[85.075,20.582],[85.069,20.585],[85.065,20.578],[85.055,20.578],[85.047,20.585],[85.028,20.59],[84.987,20.58],[84.98,20.565],[84.975,20.573],[84.95,20.576],[84.944,20.582],[84.897,20.582],[84.886,20.562],[84.875,20.558],[84.865,20.538],[84.849,20.528],[84.882,20.499],[84.949,20.489],[85.05,20.429],[85.074,20.417],[85.113,20.408],[85.137,20.387],[85.158,20.379],[85.185,20.377],[85.197,20.381],[85.272,20.36],[85.337,20.358],[85.367,20.367],[85.368,20.356],[85.373,20.357],[85.373,20.352],[85.358,20.346],[85.356,20.337],[85.35,20.335],[85.354,20.329],[85.35,20.33],[85.347,20.319],[85.353,20.315],[85.354,20.302],[85.346,20.287],[85.334,20.284],[85.331,20.279],[85.334,20.273],[85.355,20.273],[85.373,20.276],[85.382,20.287],[85.395,20.278],[85.392,20.271],[85.398,20.258],[85.406,20.257],[85.419,20.274],[85.451,20.264],[85.459,20.297],[85.487,20.298],[85.511,20.291],[85.521,20.293],[85.524,20.306],[85.548,20.302],[85.551,20.313],[85.565,20.299],[85.581,20.302],[85.624,20.293],[85.634,20.301],[85.629,20.304],[85.63,20.313],[85.643,20.326],[85.65,20.324],[85.665,20.332],[85.677,20.324],[85.678,20.336],[85.696,20.355],[85.705,20.387],[85.716,20.404],[85.734,20.41],[85.739,20.406],[85.76,20.407],[85.767,20.416],[85.767,20.405],[85.771,20.404],[85.785,20.412],[85.786,20.419],[85.781,20.418],[85.779,20.422],[85.785,20.434],[85.793,20.428],[85.801,20.436],[85.81,20.428],[85.816,20.431],[85.818,20.413],[85.824,20.408],[85.833,20.405],[85.842,20.411],[85.86,20.396],[85.866,20.4],[85.878,20.379],[85.873,20.367],[85.879,20.357],[85.892,20.36],[85.898,20.372],[85.9,20.354],[85.914,20.348],[85.917,20.336],[85.927,20.33],[85.927,20.313],[85.919,20.317],[85.92,20.325],[85.915,20.328],[85.91,20.319],[85.912,20.312],[85.919,20.31],[85.923,20.294],[85.938,20.283],[85.931,20.271],[85.935,20.268],[85.939,20.272],[85.943,20.268],[85.95,20.271],[85.952,20.261],[85.97,20.243],[85.989,20.232],[85.99,20.226],[86.004,20.225],[86.017,20.186],[86.028,20.182],[86.022,20.178],[86.022,20.167],[86.034,20.17],[86.037,20.179],[86.053,20.164],[86.045,20.155],[86.048,20.146],[86.044,20.141],[86.032,20.141],[86.035,20.135],[86.047,20.134],[86.065,20.124],[86.071,20.118],[86.07,20.112],[86.085,20.101],[86.088,20.086],[86.076,20.083],[86.075,20.078],[86.087,20.058],[86.096,20.065],[86.11,20.067],[86.127,20.057],[86.117,20.047],[86.123,20.039],[86.16,20.045],[86.168,20.041],[86.169,20.047],[86.183,20.05],[86.183,20.055],[86.168,20.072],[86.165,20.084],[86.154,20.091],[86.155,20.1],[86.164,20.114],[86.155,20.122],[86.156,20.135],[86.142,20.144],[86.149,20.16],[86.142,20.167],[86.146,20.173],[86.168,20.168],[86.15,20.178],[86.147,20.191],[86.139,20.195],[86.14,20.201],[86.147,20.2],[86.151,20.214],[86.146,20.22],[86.126,20.222],[86.078,20.244],[86.069,20.252],[86.067,20.266],[86.041,20.283],[86.026,20.319],[86.022,20.357],[86.013,20.366],[86.011,20.378],[86.026,20.402],[86.031,20.394],[86.036,20.398],[86.045,20.396],[86.067,20.383],[86.071,20.374],[86.08,20.374],[86.089,20.362],[86.101,20.367],[86.104,20.374],[86.114,20.369],[86.106,20.369],[86.107,20.365],[86.137,20.357],[86.165,20.379],[86.19,20.375],[86.199,20.363],[86.206,20.367],[86.221,20.36],[86.248,20.365],[86.246,20.372],[86.251,20.381],[86.258,20.38],[86.257,20.375],[86.261,20.387],[86.272,20.387],[86.27,20.393],[86.275,20.395],[86.274,20.4],[86.27,20.395],[86.266,20.396],[86.266,20.405],[86.272,20.406],[86.277,20.422],[86.268,20.425],[86.27,20.437],[86.267,20.438],[86.275,20.447],[86.265,20.451],[86.274,20.455],[86.265,20.47],[86.268,20.482],[86.262,20.485],[86.265,20.491],[86.27,20.489],[86.277,20.496],[86.268,20.507],[86.275,20.521],[86.256,20.533],[86.251,20.528],[86.248,20.537],[86.271,20.559],[86.257,20.562],[86.273,20.564],[86.28,20.581],[86.266,20.584],[86.26,20.59],[86.258,20.601],[86.251,20.605],[86.222,20.608],[86.209,20.616],[86.207,20.627],[86.201,20.632],[86.184,20.626],[86.185,20.632],[86.164,20.638],[86.182,20.638],[86.186,20.644],[86.189,20.639],[86.191,20.656],[86.187,20.658],[86.181,20.651],[86.18,20.657],[86.175,20.653],[86.174,20.645],[86.165,20.643],[86.161,20.65],[86.145,20.642],[86.14,20.634],[86.122,20.625],[86.117,20.614],[86.087,20.617],[86.081,20.612],[86.078,20.595],[86.072,20.6],[86.049,20.59],[86.042,20.592],[86.043,20.6],[86.005,20.626],[86.004,20.642],[85.99,20.648],[85.985,20.661],[85.973,20.669],[85.966,20.667],[85.958,20.685],[85.937,20.692],[85.93,20.701],[85.924,20.7]]]}},{"type":"Feature","properties":{"district":"Dhenkanal"},"geometry":{"type":"Polygon","coordinates":[[[85.684,21.186],[85.663,21.167],[85.625,21.161],[85.606,21.136],[85.592,21.138],[85.545,21.167],[85.531,21.147],[85.498,21.115],[85.464,21.124],[85.422,21.165],[85.393,21.184],[85.381,21.168],[85.366,21.173],[85.347,21.169],[85.341,21.178],[85.334,21.178],[85.317,21.158],[85.291,21.18],[85.281,21.174],[85.272,21.174],[85.253,21.137],[85.254,21.13],[85.248,21.123],[85.23,21.072],[85.184,21.082],[85.175,21.067],[85.167,21.064],[85.165,21.054],[85.171,21.045],[85.198,21.035],[85.238,21.01],[85.26,20.987],[85.258,20.974],[85.241,20.962],[85.246,20.937],[85.239,20.912],[85.243,20.899],[85.262,20.891],[85.247,20.884],[85.258,20.876],[85.251,20.828],[85.257,20.812],[85.255,20.795],[85.219,20.794],[85.213,20.786],[85.201,20.79],[85.196,20.787],[85.196,20.781],[85.207,20.77],[85.205,20.758],[85.216,20.75],[85.204,20.733],[85.205,20.719],[85.188,20.699],[85.198,20.686],[85.172,20.663],[85.167,20.665],[85.164,20.675],[85.176,20.701],[85.171,20.707],[85.16,20.708],[85.15,20.727],[85.153,20.733],[85.14,20.731],[85.132,20.709],[85.113,20.683],[85.135,20.643],[85.127,20.616],[85.148,20.609],[85.156,20.611],[85.178,20.601],[85.195,20.582],[85.208,20.576],[85.197,20.567],[85.212,20.554],[85.211,20.548],[85.251,20.519],[85.283,20.512],[85.294,20.517],[85.317,20.503],[85.336,20.504],[85.35,20.497],[85.383,20.5],[85.4,20.487],[85.408,20.488],[85.406,20.509],[85.415,20.509],[85.445,20.498],[85.457,20.484],[85.465,20.498],[85.481,20.507],[85.483,20.522],[85.497,20.524],[85.504,20.536],[85.511,20.538],[85.548,20.525],[85.555,20.527],[85.569,20.516],[85.585,20.514],[85.599,20.538],[85.613,20.543],[85.634,20.542],[85.649,20.552],[85.656,20.55],[85.664,20.569],[85.673,20.574],[85.689,20.596],[85.709,20.605],[85.713,20.615],[85.704,20.622],[85.706,20.627],[85.713,20.625],[85.717,20.639],[85.727,20.646],[85.737,20.645],[85.754,20.636],[85.752,20.646],[85.761,20.644],[85.762,20.662],[85.781,20.663],[85.786,20.673],[85.794,20.672],[85.81,20.66],[85.85,20.668],[85.865,20.668],[85.88,20.657],[85.888,20.659],[85.891,20.669],[85.904,20.678],[85.91,20.69],[85.91,20.703],[85.904,20.706],[85.905,20.716],[85.932,20.715],[85.951,20.723],[85.959,20.721],[85.981,20.737],[86.009,20.725],[86.016,20.73],[86.024,20.728],[86.031,20.741],[86.024,20.744],[86.028,20.762],[86.018,20.766],[86.023,20.769],[86.021,20.776],[86.032,20.797],[86.031,20.809],[85.999,20.813],[85.997,20.818],[85.97,20.823],[85.972,20.831],[85.958,20.84],[85.954,20.833],[85.944,20.84],[85.898,20.847],[85.898,20.856],[85.92,20.901],[85.917,20.928],[85.86,20.928],[85.845,20.933],[85.827,20.925],[85.819,20.933],[85.819,20.946],[85.801,20.968],[85.78,20.972],[85.77,20.988],[85.743,20.992],[85.721,20.981],[85.718,20.996],[85.724,21.02],[85.731,21.028],[85.727,21.064],[85.72,21.068],[85.716,21.065],[85.701,21.075],[85.681,21.112],[85.694,21.136],[85.709,21.143],[85.728,21.141],[85.718,21.161],[85.706,21.169],[85.703,21.174],[85.708,21.181],[85.69,21.179],[85.684,21.186]]]}},{"type":"Feature","properties":{"district":"Khordha"},"geometry":{"type":"Polygon","coordinates":[[[85.801,20.436],[85.793,20.428],[85.785,20.434],[85.779,20.422],[85.781,20.418],[85.786,20.419],[85.785,20.412],[85.772,20.404],[85.767,20.405],[85.766,20.416],[85.76,20.407],[85.739,20.406],[85.732,20.41],[85.715,20.403],[85.705,20.387],[85.696,20.355],[85.678,20.336],[85.677,20.324],[85.665,20.332],[85.65,20.324],[85.643,20.326],[85.63,20.313],[85.629,20.304],[85.634,20.301],[85.624,20.293],[85.581,20.302],[85.565,20.299],[85.551,20.313],[85.548,20.302],[85.524,20.306],[85.521,20.293],[85.511,20.291],[85.487,20.298],[85.459,20.297],[85.451,20.264],[85.419,20.274],[85.406,20.257],[85.397,20.258],[85.392,20.271],[85.395,20.278],[85.382,20.287],[85.373,20.276],[85.334,20.273],[85.335,20.277],[85.329,20.278],[85.33,20.264],[85.324,20.258],[85.341,20.252],[85.337,20.245],[85.326,20.245],[85.323,20.23],[85.314,20.23],[85.313,20.234],[85.298,20.227],[85.257,20.227],[85.255,20.213],[85.239,20.209],[85.232,20.214],[85.23,20.223],[85.218,20.22],[85.211,20.199],[85.199,20.186],[85.203,20.174],[85.206,20.176],[85.213,20.171],[85.211,20.16],[85.203,20.156],[85.209,20.151],[85.212,20.131],[85.225,20.129],[85.231,20.119],[85.247,20.118],[85.248,20.13],[85.272,20.149],[85.288,20.151],[85.29,20.155],[85.312,20.155],[85.313,20.171],[85.331,20.182],[85.332,20.173],[85.34,20.171],[85.347,20.187],[85.356,20.19],[85.37,20.178],[85.355,20.144],[85.376,20.147],[85.385,20.156],[85.391,20.146],[85.388,20.137],[85.395,20.133],[85.401,20.138],[85.414,20.13],[85.416,20.125],[85.408,20.117],[85.401,20.091],[85.384,20.092],[85.38,20.071],[85.4,20.035],[85.415,20.033],[85.415,20.025],[85.436,20.029],[85.423,20.004],[85.416,20.004],[85.415,19.994],[85.437,19.996],[85.45,19.984],[85.455,19.971],[85.435,19.94],[85.422,19.94],[85.418,19.924],[85.415,19.929],[85.4,19.932],[85.394,19.94],[85.384,19.94],[85.383,19.952],[85.373,19.95],[85.36,19.957],[85.328,19.926],[85.305,19.927],[85.278,19.914],[85.27,19.918],[85.266,19.912],[85.243,19.906],[85.211,19.912],[85.192,19.908],[85.181,19.91],[85.165,19.904],[85.123,19.934],[85.102,19.933],[85.079,19.921],[85.051,19.916],[85.026,19.901],[85.019,19.906],[85.005,19.9],[84.976,19.904],[84.946,19.9],[84.94,19.897],[84.936,19.875],[84.953,19.868],[84.969,19.854],[84.984,19.82],[84.992,19.815],[84.998,19.817],[85.004,19.805],[85.045,19.806],[85.072,19.795],[85.084,19.77],[85.138,19.739],[85.144,19.721],[85.162,19.696],[85.183,19.678],[85.182,19.672],[85.196,19.674],[85.213,19.686],[85.211,19.696],[85.198,19.706],[85.219,19.74],[85.25,19.744],[85.252,19.768],[85.286,19.782],[85.329,19.785],[85.343,19.801],[85.348,19.8],[85.359,19.822],[85.387,19.832],[85.438,19.883],[85.503,19.885],[85.5,19.87],[85.562,19.855],[85.568,19.883],[85.565,19.892],[85.57,19.904],[85.561,19.909],[85.568,19.917],[85.531,19.928],[85.534,19.939],[85.527,19.944],[85.52,19.931],[85.507,19.928],[85.509,19.936],[85.519,19.941],[85.506,19.948],[85.506,19.945],[85.499,19.946],[85.511,19.953],[85.515,19.97],[85.526,19.979],[85.535,19.965],[85.532,19.959],[85.547,19.957],[85.552,19.963],[85.55,19.953],[85.564,19.955],[85.566,19.972],[85.555,19.974],[85.56,19.981],[85.566,19.978],[85.569,19.982],[85.562,19.996],[85.566,20.004],[85.567,19.998],[85.57,19.999],[85.572,20.007],[85.566,20.011],[85.572,20.026],[85.579,20.022],[85.581,20.009],[85.587,20.007],[85.589,19.999],[85.607,20.019],[85.615,20.02],[85.606,19.996],[85.614,19.993],[85.628,20.024],[85.619,20.032],[85.62,20.036],[85.612,20.038],[85.619,20.069],[85.622,20.067],[85.638,20.075],[85.637,20.082],[85.644,20.082],[85.644,20.089],[85.632,20.103],[85.649,20.097],[85.65,20.067],[85.677,20.069],[85.681,20.076],[85.675,20.077],[85.671,20.088],[85.692,20.096],[85.686,20.097],[85.686,20.105],[85.675,20.113],[85.675,20.125],[85.684,20.131],[85.681,20.144],[85.691,20.158],[85.701,20.152],[85.701,20.144],[85.719,20.143],[85.714,20.137],[85.724,20.13],[85.726,20.135],[85.721,20.142],[85.728,20.15],[85.745,20.148],[85.749,20.14],[85.757,20.142],[85.758,20.146],[85.753,20.147],[85.755,20.153],[85.764,20.154],[85.764,20.168],[85.78,20.167],[85.783,20.164],[85.779,20.158],[85.798,20.152],[85.806,20.161],[85.825,20.159],[85.837,20.192],[85.843,20.188],[85.844,20.176],[85.854,20.176],[85.855,20.192],[85.842,20.198],[85.845,20.192],[85.837,20.195],[85.852,20.204],[85.866,20.191],[85.874,20.192],[85.887,20.184],[85.893,20.177],[85.889,20.17],[85.894,20.16],[85.904,20.152],[85.884,20.129],[85.874,20.126],[85.872,20.122],[85.88,20.113],[85.897,20.112],[85.902,20.127],[85.921,20.119],[85.925,20.113],[85.934,20.117],[85.944,20.115],[85.946,20.121],[85.953,20.113],[85.96,20.122],[85.999,20.107],[86.004,20.114],[86.01,20.113],[86.021,20.101],[86.029,20.108],[86.052,20.108],[86.056,20.103],[86.069,20.108],[86.079,20.105],[86.069,20.113],[86.071,20.118],[86.065,20.124],[86.047,20.134],[86.035,20.135],[86.032,20.142],[86.044,20.141],[86.048,20.146],[86.045,20.155],[86.053,20.164],[86.037,20.179],[86.034,20.17],[86.022,20.167],[86.022,20.178],[86.028,20.182],[86.017,20.186],[86.004,20.225],[85.99,20.226],[85.989,20.232],[85.97,20.243],[85.952,20.261],[85.95,20.271],[85.943,20.268],[85.939,20.272],[85.935,20.268],[85.931,20.271],[85.938,20.283],[85.923,20.294],[85.919,20.31],[85.912,20.312],[85.91,20.319],[85.915,20.328],[85.92,20.325],[85.919,20.317],[85.927,20.313],[85.927,20.33],[85.917,20.336],[85.914,20.348],[85.9,20.354],[85.898,20.372],[85.892,20.36],[85.879,20.357],[85.873,20.367],[85.878,20.379],[85.866,20.4],[85.86,20.396],[85.842,20.411],[85.836,20.405],[85.824,20.408],[85.818,20.413],[85.816,20.431],[85.81,20.428],[85.801,20.436]]]}},{"type":"Feature","properties":{"district":"Nayagarh"},"geometry":{"type":"Polygon","coordinates":[[[84.831,20.549],[84.802,20.576],[84.79,20.581],[84.791,20.561],[84.787,20.551],[84.778,20.549],[84.766,20.532],[84.74,20.541],[84.712,20.524],[84.711,20.507],[84.697,20.498],[84.693,20.47],[84.681,20.46],[84.688,20.459],[84.691,20.45],[84.686,20.448],[84.69,20.441],[84.681,20.433],[84.674,20.434],[84.663,20.425],[84.647,20.424],[84.618,20.434],[84.604,20.42],[84.59,20.424],[84.564,20.411],[84.542,20.419],[84.54,20.41],[84.514,20.403],[84.51,20.395],[84.513,20.383],[84.521,20.381],[84.518,20.369],[84.495,20.358],[84.494,20.35],[84.483,20.348],[84.493,20.334],[84.505,20.332],[84.512,20.338],[84.509,20.326],[84.515,20.319],[84.521,20.326],[84.543,20.323],[84.552,20.284],[84.544,20.276],[84.547,20.259],[84.542,20.251],[84.549,20.232],[84.558,20.227],[84.585,20.187],[84.597,20.176],[84.62,20.188],[84.634,20.19],[84.647,20.201],[84.651,20.226],[84.665,20.244],[84.672,20.274],[84.696,20.281],[84.728,20.259],[84.736,20.244],[84.758,20.242],[84.766,20.246],[84.774,20.243],[84.782,20.232],[84.823,20.223],[84.832,20.216],[84.824,20.18],[84.822,20.12],[84.807,20.115],[84.807,20.104],[84.798,20.091],[84.811,20.068],[84.835,20.054],[84.857,20.031],[84.862,20.0],[84.883,20.001],[84.901,19.993],[84.921,19.943],[84.906,19.91],[84.928,19.908],[84.94,19.897],[84.976,19.904],[85.005,19.9],[85.019,19.906],[85.026,19.901],[85.051,19.916],[85.079,19.921],[85.102,19.933],[85.123,19.934],[85.162,19.904],[85.211,19.912],[85.243,19.906],[85.266,19.912],[85.27,19.918],[85.278,19.914],[85.305,19.927],[85.328,19.926],[85.36,19.957],[85.373,19.95],[85.383,19.952],[85.384,19.94],[85.394,19.94],[85.4,19.932],[85.415,19.929],[85.418,19.924],[85.422,19.94],[85.435,19.94],[85.455,19.971],[85.45,19.984],[85.437,19.996],[85.415,19.994],[85.416,20.004],[85.423,20.004],[85.436,20.029],[85.415,20.025],[85.415,20.033],[85.4,20.035],[85.38,20.071],[85.384,20.092],[85.401,20.091],[85.408,20.117],[85.416,20.127],[85.407,20.136],[85.398,20.138],[85.394,20.133],[85.388,20.137],[85.391,20.146],[85.385,20.156],[85.376,20.147],[85.355,20.144],[85.362,20.164],[85.37,20.171],[85.37,20.178],[85.362,20.188],[85.347,20.187],[85.34,20.171],[85.332,20.173],[85.331,20.182],[85.328,20.18],[85.313,20.17],[85.312,20.155],[85.29,20.155],[85.288,20.151],[85.271,20.149],[85.248,20.13],[85.247,20.118],[85.241,20.116],[85.231,20.119],[85.225,20.129],[85.212,20.131],[85.209,20.151],[85.203,20.156],[85.211,20.16],[85.213,20.171],[85.206,20.176],[85.203,20.174],[85.2,20.19],[85.211,20.199],[85.213,20.212],[85.225,20.224],[85.23,20.223],[85.232,20.213],[85.245,20.21],[85.255,20.213],[85.255,20.226],[85.298,20.227],[85.313,20.234],[85.314,20.23],[85.323,20.23],[85.326,20.245],[85.338,20.246],[85.341,20.255],[85.33,20.255],[85.329,20.258],[85.327,20.254],[85.324,20.258],[85.33,20.264],[85.328,20.277],[85.334,20.284],[85.346,20.287],[85.354,20.302],[85.353,20.315],[85.347,20.319],[85.35,20.33],[85.354,20.329],[85.35,20.335],[85.356,20.337],[85.358,20.346],[85.373,20.352],[85.373,20.357],[85.368,20.356],[85.367,20.367],[85.337,20.358],[85.272,20.36],[85.197,20.381],[85.185,20.377],[85.158,20.379],[85.137,20.387],[85.113,20.408],[85.074,20.417],[85.05,20.429],[84.949,20.489],[84.882,20.499],[84.857,20.518],[84.831,20.549]]]}},{"type":"Feature","properties":{"district":"Anugul"},"geometry":{"type":"MultiPolygon","coordinates":[[[[84.878,21.178],[84.872,21.174],[84.876,21.171],[84.878,21.178]]],[[[85.245,21.679],[85.219,21.673],[85.209,21.675],[85.202,21.661],[85.191,21.661],[85.181,21.655],[85.184,21.649],[85.181,21.645],[85.191,21.645],[85.194,21.641],[85.189,21.629],[85.177,21.62],[85.166,21.623],[85.144,21.595],[85.191,21.588],[85.199,21.581],[85.204,21.563],[85.213,21.555],[85.207,21.542],[85.209,21.533],[85.202,21.532],[85.203,21.522],[85.18,21.501],[85.174,21.487],[85.161,21.475],[85.158,21.463],[85.145,21.458],[85.136,21.463],[85.131,21.458],[85.117,21.455],[85.08,21.459],[85.064,21.453],[85.061,21.442],[85.021,21.458],[85.026,21.448],[85.003,21.442],[84.998,21.436],[84.992,21.412],[85.007,21.385],[85.01,21.356],[85.007,21.348],[85.013,21.334],[85.008,21.324],[85.016,21.31],[85.029,21.306],[85.034,21.292],[85.011,21.297],[85.003,21.287],[84.989,21.288],[84.957,21.298],[84.898,21.261],[84.902,21.251],[84.926,21.234],[84.939,21.196],[84.97,21.189],[84.962,21.178],[84.962,21.166],[84.969,21.162],[84.962,21.147],[84.949,21.148],[84.95,21.17],[84.927,21.181],[84.932,21.154],[84.919,21.141],[84.885,21.153],[84.877,21.164],[84.817,21.171],[84.799,21.166],[84.8,21.155],[84.813,21.147],[84.811,21.14],[84.809,21.137],[84.803,21.142],[84.799,21.131],[84.789,21.131],[84.789,21.138],[84.762,21.149],[84.743,21.171],[84.732,21.169],[84.723,21.148],[84.691,21.153],[84.68,21.147],[84.667,21.093],[84.669,21.079],[84.68,21.072],[84.679,21.06],[84.644,21.083],[84.624,21.082],[84.612,21.07],[84.599,21.07],[84.583,21.061],[84.551,21.069],[84.532,21.087],[84.504,21.089],[84.496,21.08],[84.482,21.081],[84.454,21.058],[84.45,21.041],[84.441,21.039],[84.439,21.033],[84.43,21.04],[84.409,21.03],[84.434,21.016],[84.412,21.001],[84.406,20.977],[84.38,20.966],[84.376,20.956],[84.368,20.952],[84.36,20.959],[84.352,20.952],[84.342,20.955],[84.333,20.949],[84.328,20.951],[84.317,20.945],[84.311,20.931],[84.303,20.936],[84.297,20.934],[84.292,20.925],[84.281,20.924],[84.268,20.913],[84.271,20.908],[84.262,20.899],[84.268,20.889],[84.266,20.881],[84.341,20.841],[84.352,20.829],[84.356,20.794],[84.349,20.783],[84.36,20.766],[84.378,20.754],[84.417,20.738],[84.463,20.735],[84.499,20.718],[84.516,20.702],[84.56,20.69],[84.582,20.675],[84.612,20.639],[84.639,20.624],[84.698,20.612],[84.728,20.616],[84.762,20.608],[84.778,20.598],[84.788,20.583],[84.821,20.561],[84.849,20.528],[84.865,20.538],[84.875,20.558],[84.886,20.562],[84.897,20.582],[84.944,20.582],[84.95,20.576],[84.975,20.573],[84.98,20.565],[84.987,20.58],[85.028,20.59],[85.047,20.585],[85.055,20.578],[85.065,20.578],[85.069,20.585],[85.074,20.581],[85.086,20.595],[85.091,20.619],[85.117,20.61],[85.122,20.613],[85.127,20.616],[85.135,20.643],[85.113,20.683],[85.132,20.709],[85.14,20.731],[85.153,20.733],[85.15,20.727],[85.16,20.708],[85.171,20.707],[85.176,20.701],[85.165,20.685],[85.164,20.671],[85.167,20.665],[85.172,20.663],[85.194,20.679],[85.198,20.687],[85.189,20.701],[85.205,20.719],[85.204,20.733],[85.216,20.75],[85.205,20.758],[85.207,20.77],[85.196,20.781],[85.196,20.787],[85.201,20.79],[85.213,20.786],[85.219,20.794],[85.255,20.795],[85.257,20.812],[85.251,20.828],[85.258,20.876],[85.247,20.884],[85.262,20.891],[85.243,20.899],[85.239,20.912],[85.246,20.937],[85.241,20.962],[85.258,20.974],[85.261,20.982],[85.251,21.0],[85.238,21.01],[85.198,21.035],[85.171,21.045],[85.165,21.053],[85.167,21.064],[85.175,21.067],[85.18,21.079],[85.187,21.083],[85.23,21.072],[85.248,21.123],[85.254,21.13],[85.253,21.137],[85.273,21.175],[85.281,21.174],[85.291,21.18],[85.317,21.158],[85.334,21.178],[85.341,21.178],[85.347,21.169],[85.366,21.173],[85.381,21.168],[85.393,21.184],[85.38,21.199],[85.382,21.214],[85.375,21.229],[85.356,21.248],[85.339,21.258],[85.315,21.263],[85.295,21.277],[85.287,21.264],[85.27,21.275],[85.276,21.293],[85.272,21.302],[85.275,21.304],[85.282,21.299],[85.285,21.305],[85.297,21.309],[85.297,21.317],[85.303,21.317],[85.315,21.33],[85.323,21.319],[85.329,21.328],[85.331,21.347],[85.336,21.348],[85.335,21.356],[85.342,21.366],[85.33,21.377],[85.326,21.391],[85.305,21.396],[85.307,21.412],[85.302,21.417],[85.272,21.429],[85.268,21.439],[85.259,21.443],[85.255,21.451],[85.262,21.457],[85.304,21.448],[85.31,21.458],[85.307,21.462],[85.321,21.465],[85.332,21.482],[85.328,21.49],[85.329,21.51],[85.321,21.52],[85.322,21.534],[85.301,21.531],[85.305,21.539],[85.299,21.546],[85.3,21.554],[85.308,21.557],[85.312,21.569],[85.303,21.567],[85.303,21.571],[85.286,21.584],[85.283,21.596],[85.292,21.6],[85.289,21.605],[85.283,21.602],[85.267,21.623],[85.262,21.633],[85.266,21.642],[85.255,21.652],[85.253,21.675],[85.245,21.679]]]]}},{"type":"Feature","properties":{"district":"Deogarh"},"geometry":{"type":"Polygon","coordinates":[[[84.655,21.764],[84.646,21.743],[84.631,21.74],[84.637,21.734],[84.638,21.723],[84.629,21.698],[84.591,21.698],[84.567,21.703],[84.56,21.701],[84.556,21.685],[84.544,21.685],[84.542,21.68],[84.506,21.688],[84.501,21.684],[84.485,21.64],[84.501,21.624],[84.511,21.621],[84.524,21.625],[84.534,21.612],[84.531,21.607],[84.569,21.582],[84.567,21.577],[84.542,21.584],[84.532,21.577],[84.538,21.571],[84.534,21.568],[84.51,21.582],[84.509,21.572],[84.488,21.578],[84.498,21.568],[84.503,21.549],[84.5,21.543],[84.494,21.544],[84.492,21.531],[84.471,21.539],[84.467,21.527],[84.459,21.528],[84.458,21.516],[84.442,21.518],[84.44,21.512],[84.446,21.501],[84.444,21.491],[84.427,21.489],[84.408,21.477],[84.415,21.455],[84.408,21.451],[84.409,21.442],[84.392,21.435],[84.398,21.408],[84.395,21.392],[84.403,21.385],[84.402,21.38],[84.449,21.394],[84.489,21.392],[84.492,21.382],[84.486,21.37],[84.499,21.365],[84.503,21.37],[84.499,21.375],[84.512,21.373],[84.518,21.382],[84.533,21.384],[84.542,21.378],[84.555,21.336],[84.566,21.323],[84.562,21.318],[84.569,21.295],[84.565,21.288],[84.569,21.268],[84.56,21.258],[84.564,21.25],[84.58,21.258],[84.603,21.262],[84.606,21.273],[84.613,21.277],[84.629,21.276],[84.627,21.28],[84.633,21.29],[84.643,21.291],[84.646,21.3],[84.666,21.304],[84.658,21.314],[84.689,21.323],[84.709,21.319],[84.732,21.301],[84.74,21.288],[84.759,21.278],[84.762,21.274],[84.752,21.259],[84.768,21.254],[84.765,21.245],[84.758,21.243],[84.754,21.227],[84.744,21.234],[84.734,21.228],[84.722,21.228],[84.716,21.209],[84.724,21.205],[84.722,21.199],[84.739,21.195],[84.746,21.179],[84.739,21.176],[84.748,21.162],[84.762,21.149],[84.789,21.138],[84.789,21.131],[84.799,21.131],[84.803,21.142],[84.809,21.137],[84.811,21.14],[84.813,21.147],[84.8,21.155],[84.799,21.166],[84.817,21.171],[84.877,21.164],[84.885,21.153],[84.919,21.141],[84.932,21.154],[84.927,21.181],[84.95,21.17],[84.949,21.148],[84.962,21.147],[84.969,21.162],[84.962,21.166],[84.962,21.178],[84.97,21.189],[84.939,21.196],[84.926,21.234],[84.902,21.251],[84.898,21.261],[84.957,21.298],[84.989,21.288],[85.003,21.287],[85.011,21.297],[85.034,21.292],[85.029,21.306],[85.016,21.31],[85.008,21.324],[85.013,21.334],[85.007,21.348],[85.01,21.356],[85.007,21.385],[84.992,21.412],[85.0,21.439],[85.026,21.448],[85.021,21.458],[85.061,21.442],[85.064,21.453],[85.08,21.459],[85.117,21.455],[85.131,21.458],[85.136,21.463],[85.145,21.458],[85.157,21.462],[85.18,21.501],[85.203,21.522],[85.202,21.532],[85.21,21.535],[85.207,21.542],[85.212,21.558],[85.204,21.563],[85.199,21.581],[85.187,21.59],[85.157,21.591],[85.131,21.6],[85.106,21.594],[85.092,21.603],[85.077,21.604],[85.066,21.599],[85.065,21.592],[85.048,21.591],[85.035,21.609],[85.038,21.623],[85.029,21.628],[85.026,21.653],[85.031,21.659],[85.026,21.672],[84.998,21.682],[84.989,21.679],[84.983,21.682],[84.981,21.674],[84.975,21.673],[84.965,21.683],[84.956,21.684],[84.954,21.665],[84.941,21.659],[84.914,21.671],[84.903,21.668],[84.901,21.659],[84.878,21.658],[84.861,21.652],[84.857,21.652],[84.855,21.661],[84.828,21.66],[84.79,21.669],[84.782,21.649],[84.783,21.641],[84.793,21.637],[84.779,21.626],[84.757,21.624],[84.752,21.628],[84.749,21.664],[84.741,21.669],[84.747,21.682],[84.73,21.693],[84.718,21.717],[84.703,21.707],[84.691,21.71],[84.675,21.736],[84.678,21.749],[84.664,21.763],[84.655,21.764]],[[84.874,21.171],[84.873,21.172],[84.872,21.173],[84.872,21.174],[84.873,21.175],[84.874,21.177],[84.875,21.179],[84.878,21.178],[84.876,21.171],[84.875,21.171],[84.874,21.171]]]}},{"type":"Feature","properties":{"district":"Sambalpur"},"geometry":{"type":"Polygon","coordinates":[[[84.477,22.187],[84.476,22.19],[84.456,22.187],[84.424,22.175],[84.383,22.147],[84.364,22.15],[84.339,22.13],[84.316,22.128],[84.298,22.118],[84.278,22.123],[84.278,22.11],[84.267,22.108],[84.271,22.091],[84.266,22.076],[84.27,22.062],[84.266,22.044],[84.268,22.016],[84.285,22.015],[84.297,22.036],[84.318,22.039],[84.337,22.034],[84.357,22.039],[84.371,22.029],[84.391,22.024],[84.381,22.016],[84.374,21.989],[84.379,21.979],[84.371,21.978],[84.362,21.984],[84.368,21.978],[84.365,21.975],[84.372,21.956],[84.366,21.951],[84.363,21.926],[84.352,21.917],[84.348,21.899],[84.327,21.864],[84.328,21.833],[84.314,21.823],[84.311,21.808],[84.298,21.799],[84.287,21.771],[84.266,21.762],[84.259,21.769],[84.25,21.769],[84.251,21.759],[84.238,21.749],[84.209,21.748],[84.211,21.74],[84.195,21.738],[84.192,21.724],[84.183,21.723],[84.147,21.735],[84.145,21.743],[84.148,21.748],[84.142,21.761],[84.145,21.776],[84.115,21.788],[84.088,21.771],[84.056,21.774],[84.036,21.756],[84.02,21.786],[84.005,21.788],[84.0,21.774],[83.98,21.781],[83.983,21.757],[83.969,21.761],[83.966,21.749],[83.955,21.743],[83.954,21.734],[83.942,21.73],[83.948,21.717],[83.973,21.704],[83.966,21.689],[83.972,21.658],[83.975,21.598],[83.97,21.582],[83.959,21.576],[83.941,21.582],[83.885,21.576],[83.811,21.595],[83.798,21.564],[83.815,21.536],[83.846,21.527],[83.869,21.478],[83.872,21.457],[83.885,21.439],[83.879,21.426],[83.848,21.421],[83.846,21.414],[83.851,21.403],[83.869,21.397],[83.879,21.388],[83.88,21.35],[83.87,21.31],[83.876,21.294],[83.89,21.295],[83.889,21.28],[83.912,21.244],[83.912,21.232],[83.891,21.176],[83.907,21.175],[83.922,21.162],[83.949,21.151],[83.948,21.145],[83.984,21.131],[83.982,21.117],[83.991,21.111],[83.992,21.1],[83.987,21.079],[83.995,21.076],[83.999,21.066],[84.017,21.052],[84.029,21.053],[84.043,21.044],[84.074,21.049],[84.142,21.033],[84.14,21.013],[84.148,20.999],[84.156,20.996],[84.153,20.986],[84.156,20.975],[84.17,20.971],[84.192,20.976],[84.209,20.962],[84.225,20.932],[84.239,20.923],[84.279,20.922],[84.292,20.925],[84.302,20.936],[84.311,20.931],[84.317,20.945],[84.328,20.951],[84.333,20.949],[84.342,20.955],[84.352,20.952],[84.36,20.959],[84.366,20.951],[84.373,20.954],[84.38,20.966],[84.406,20.977],[84.414,21.004],[84.434,21.015],[84.433,21.02],[84.409,21.03],[84.43,21.04],[84.439,21.033],[84.441,21.039],[84.45,21.041],[84.454,21.058],[84.473,21.077],[84.496,21.08],[84.504,21.089],[84.532,21.087],[84.551,21.069],[84.583,21.061],[84.599,21.07],[84.612,21.07],[84.624,21.082],[84.644,21.083],[84.679,21.06],[84.68,21.072],[84.669,21.079],[84.667,21.093],[84.68,21.147],[84.691,21.153],[84.723,21.148],[84.732,21.169],[84.743,21.171],[84.739,21.176],[84.746,21.179],[84.739,21.195],[84.722,21.199],[84.724,21.205],[84.716,21.209],[84.72,21.216],[84.718,21.22],[84.721,21.228],[84.734,21.228],[84.744,21.234],[84.754,21.227],[84.758,21.243],[84.765,21.245],[84.768,21.254],[84.752,21.259],[84.762,21.274],[84.759,21.278],[84.74,21.288],[84.732,21.301],[84.709,21.319],[84.696,21.323],[84.658,21.314],[84.666,21.304],[84.646,21.3],[84.643,21.291],[84.633,21.29],[84.627,21.28],[84.629,21.276],[84.613,21.277],[84.606,21.273],[84.603,21.262],[84.58,21.258],[84.564,21.25],[84.56,21.258],[84.569,21.268],[84.565,21.288],[84.569,21.295],[84.562,21.318],[84.566,21.323],[84.555,21.336],[84.542,21.378],[84.533,21.384],[84.518,21.382],[84.512,21.373],[84.499,21.375],[84.503,21.37],[84.499,21.365],[84.486,21.37],[84.492,21.382],[84.489,21.392],[84.449,21.394],[84.402,21.38],[84.403,21.385],[84.394,21.395],[84.398,21.408],[84.393,21.436],[84.409,21.442],[84.408,21.451],[84.415,21.455],[84.408,21.477],[84.427,21.489],[84.444,21.491],[84.446,21.501],[84.44,21.512],[84.442,21.518],[84.458,21.516],[84.459,21.528],[84.467,21.527],[84.471,21.539],[84.492,21.531],[84.494,21.544],[84.5,21.543],[84.503,21.549],[84.498,21.568],[84.488,21.578],[84.509,21.572],[84.51,21.582],[84.534,21.568],[84.538,21.571],[84.532,21.577],[84.542,21.584],[84.567,21.577],[84.569,21.582],[84.531,21.607],[84.534,21.612],[84.524,21.625],[84.511,21.621],[84.501,21.624],[84.485,21.64],[84.501,21.684],[84.506,21.688],[84.542,21.68],[84.544,21.685],[84.556,21.685],[84.56,21.701],[84.567,21.703],[84.591,21.698],[84.629,21.698],[84.638,21.723],[84.637,21.734],[84.631,21.74],[84.646,21.743],[84.649,21.757],[84.657,21.764],[84.639,21.767],[84.627,21.761],[84.61,21.767],[84.588,21.758],[84.57,21.768],[84.554,21.769],[84.565,21.776],[84.567,21.787],[84.526,21.814],[84.523,21.831],[84.528,21.852],[84.539,21.862],[84.525,21.872],[84.53,21.878],[84.527,21.89],[84.507,21.905],[84.493,21.906],[84.491,21.912],[84.495,21.921],[84.509,21.919],[84.525,21.926],[84.517,21.948],[84.518,21.958],[84.527,21.958],[84.527,21.973],[84.515,21.974],[84.514,21.966],[84.505,21.959],[84.5,21.961],[84.5,21.972],[84.509,22.001],[84.508,22.02],[84.524,22.033],[84.528,22.046],[84.51,22.057],[84.508,22.07],[84.514,22.085],[84.495,22.093],[84.494,22.099],[84.501,22.109],[84.496,22.138],[84.49,22.145],[84.477,22.187]]]}},{"type":"Feature","properties":{"district":"Jharsuguda"},"geometry":{"type":"Polygon","coordinates":[[[84.32,22.04],[84.297,22.036],[84.285,22.015],[84.268,22.016],[84.268,22.009],[84.258,22.004],[84.241,21.981],[84.23,21.975],[84.203,21.978],[84.201,21.986],[84.167,22.002],[84.136,21.999],[84.117,22.013],[84.106,21.992],[84.103,21.997],[84.089,21.999],[84.086,21.99],[84.07,21.99],[84.069,21.985],[84.084,21.98],[84.088,21.964],[84.079,21.954],[84.079,21.938],[84.061,21.934],[84.054,21.937],[84.046,21.948],[84.027,21.954],[84.005,21.923],[83.976,21.905],[83.965,21.921],[83.959,21.943],[83.896,21.946],[83.877,21.923],[83.852,21.924],[83.864,21.911],[83.852,21.903],[83.846,21.904],[83.838,21.894],[83.831,21.896],[83.829,21.877],[83.816,21.885],[83.809,21.861],[83.813,21.855],[83.799,21.87],[83.794,21.867],[83.738,21.817],[83.728,21.803],[83.729,21.794],[83.719,21.786],[83.689,21.79],[83.687,21.802],[83.636,21.819],[83.627,21.839],[83.628,21.846],[83.623,21.849],[83.609,21.846],[83.608,21.833],[83.597,21.832],[83.59,21.826],[83.554,21.84],[83.542,21.838],[83.53,21.828],[83.54,21.822],[83.54,21.799],[83.523,21.799],[83.492,21.818],[83.494,21.813],[83.484,21.794],[83.469,21.787],[83.482,21.766],[83.476,21.752],[83.489,21.745],[83.485,21.745],[83.481,21.731],[83.461,21.709],[83.459,21.698],[83.452,21.695],[83.432,21.7],[83.419,21.681],[83.448,21.658],[83.487,21.644],[83.504,21.654],[83.525,21.674],[83.533,21.688],[83.544,21.729],[83.556,21.743],[83.566,21.744],[83.604,21.731],[83.648,21.723],[83.665,21.711],[83.678,21.71],[83.692,21.702],[83.73,21.626],[83.766,21.598],[83.798,21.564],[83.811,21.595],[83.827,21.594],[83.875,21.577],[83.941,21.582],[83.963,21.577],[83.971,21.584],[83.975,21.598],[83.972,21.658],[83.966,21.689],[83.973,21.704],[83.948,21.717],[83.942,21.73],[83.954,21.734],[83.955,21.743],[83.966,21.749],[83.969,21.761],[83.983,21.757],[83.98,21.781],[84.0,21.774],[84.005,21.788],[84.02,21.786],[84.036,21.756],[84.056,21.774],[84.088,21.771],[84.115,21.788],[84.145,21.776],[84.142,21.761],[84.148,21.748],[84.145,21.743],[84.147,21.735],[84.183,21.723],[84.192,21.724],[84.195,21.738],[84.211,21.74],[84.209,21.748],[84.238,21.749],[84.251,21.759],[84.25,21.769],[84.259,21.769],[84.266,21.762],[84.287,21.772],[84.298,21.799],[84.311,21.808],[84.314,21.823],[84.328,21.833],[84.327,21.864],[84.348,21.899],[84.352,21.917],[84.363,21.926],[84.366,21.951],[84.372,21.956],[84.365,21.975],[84.368,21.978],[84.362,21.984],[84.371,21.978],[84.379,21.979],[84.374,21.989],[84.381,22.016],[84.391,22.024],[84.371,22.029],[84.357,22.039],[84.337,22.034],[84.32,22.04]]]}},{"type":"Feature","properties":{"district":"Bargarh"},"geometry":{"type":"Polygon","coordinates":[[[83.581,21.739],[83.563,21.744],[83.551,21.738],[83.54,21.721],[83.528,21.677],[83.504,21.654],[83.487,21.644],[83.492,21.638],[83.489,21.63],[83.474,21.632],[83.466,21.609],[83.455,21.61],[83.452,21.622],[83.444,21.624],[83.444,21.639],[83.451,21.651],[83.443,21.655],[83.392,21.627],[83.389,21.618],[83.383,21.62],[83.38,21.608],[83.37,21.601],[83.365,21.576],[83.373,21.558],[83.36,21.543],[83.35,21.513],[83.338,21.501],[83.347,21.489],[83.347,21.472],[83.354,21.448],[83.374,21.442],[83.371,21.436],[83.376,21.428],[83.399,21.405],[83.401,21.376],[83.397,21.368],[83.408,21.361],[83.407,21.352],[83.392,21.343],[83.379,21.345],[83.323,21.362],[83.284,21.38],[83.269,21.379],[83.274,21.377],[83.275,21.364],[83.269,21.345],[83.258,21.336],[83.267,21.331],[83.257,21.32],[83.262,21.308],[83.276,21.302],[83.279,21.289],[83.271,21.273],[83.268,21.278],[83.251,21.282],[83.238,21.27],[83.232,21.273],[83.223,21.266],[83.218,21.255],[83.222,21.229],[83.211,21.205],[83.215,21.195],[83.203,21.178],[83.205,21.166],[83.199,21.164],[83.198,21.145],[83.192,21.139],[83.178,21.135],[83.167,21.139],[83.131,21.106],[83.114,21.113],[83.078,21.112],[83.052,21.126],[83.045,21.124],[83.034,21.132],[83.035,21.137],[83.023,21.137],[83.016,21.146],[83.005,21.137],[82.99,21.14],[82.986,21.151],[82.993,21.162],[83.004,21.167],[83.001,21.171],[82.981,21.17],[82.988,21.183],[82.975,21.182],[82.966,21.175],[82.965,21.193],[82.944,21.178],[82.948,21.162],[82.94,21.161],[82.938,21.17],[82.932,21.163],[82.915,21.162],[82.902,21.167],[82.882,21.148],[82.876,21.164],[82.872,21.157],[82.866,21.163],[82.852,21.16],[82.851,21.169],[82.8,21.156],[82.794,21.143],[82.756,21.166],[82.721,21.166],[82.721,21.158],[82.71,21.161],[82.7,21.158],[82.693,21.166],[82.664,21.155],[82.641,21.155],[82.637,21.145],[82.653,21.129],[82.641,21.118],[82.642,21.112],[82.65,21.106],[82.636,21.091],[82.669,21.065],[82.68,21.035],[82.692,21.022],[82.687,20.973],[82.699,20.938],[82.692,20.9],[82.681,20.885],[82.687,20.855],[82.683,20.814],[82.69,20.774],[82.698,20.761],[82.697,20.754],[82.686,20.744],[82.685,20.733],[82.734,20.723],[82.745,20.771],[82.753,20.771],[82.771,20.802],[82.801,20.835],[82.807,20.836],[82.841,20.868],[82.858,20.876],[82.888,20.909],[82.89,20.903],[82.917,20.901],[82.925,20.895],[82.926,20.883],[82.942,20.884],[82.953,20.896],[82.967,20.893],[82.964,20.879],[82.973,20.885],[82.973,20.877],[82.981,20.866],[82.98,20.846],[83.002,20.849],[83.014,20.862],[83.018,20.857],[83.031,20.854],[83.087,20.858],[83.102,20.875],[83.129,20.859],[83.145,20.881],[83.165,20.884],[83.191,20.896],[83.21,20.919],[83.218,20.921],[83.217,20.93],[83.233,20.928],[83.25,20.918],[83.254,20.903],[83.251,20.898],[83.276,20.869],[83.272,20.869],[83.279,20.842],[83.285,20.853],[83.302,20.853],[83.307,20.859],[83.317,20.861],[83.329,20.874],[83.329,20.881],[83.338,20.883],[83.349,20.874],[83.404,20.89],[83.414,20.896],[83.415,20.908],[83.392,20.924],[83.391,20.932],[83.38,20.94],[83.385,20.953],[83.38,20.955],[83.391,20.964],[83.389,20.971],[83.384,20.973],[83.386,20.989],[83.372,20.993],[83.371,21.002],[83.361,21.003],[83.35,20.999],[83.342,20.986],[83.333,20.981],[83.327,20.995],[83.307,21.002],[83.296,21.014],[83.299,21.024],[83.317,21.041],[83.322,21.056],[83.341,21.058],[83.351,21.064],[83.352,21.071],[83.377,21.062],[83.391,21.071],[83.403,21.062],[83.41,21.04],[83.424,21.031],[83.431,21.033],[83.437,21.046],[83.456,21.053],[83.461,21.062],[83.494,21.041],[83.497,21.045],[83.492,21.062],[83.513,21.062],[83.548,21.077],[83.595,21.108],[83.604,21.128],[83.648,21.131],[83.676,21.126],[83.685,21.116],[83.704,21.122],[83.713,21.119],[83.727,21.131],[83.737,21.131],[83.746,21.14],[83.762,21.143],[83.768,21.155],[83.784,21.152],[83.786,21.133],[83.8,21.114],[83.84,21.094],[83.846,21.099],[83.871,21.156],[83.896,21.186],[83.913,21.234],[83.907,21.258],[83.897,21.265],[83.889,21.282],[83.89,21.295],[83.876,21.294],[83.87,21.31],[83.88,21.35],[83.879,21.388],[83.869,21.397],[83.851,21.403],[83.846,21.414],[83.848,21.421],[83.879,21.426],[83.885,21.438],[83.872,21.457],[83.869,21.478],[83.845,21.527],[83.815,21.536],[83.799,21.564],[83.766,21.598],[83.73,21.626],[83.695,21.699],[83.678,21.71],[83.665,21.711],[83.648,21.723],[83.581,21.739]]]}},{"type":"Feature","properties":{"district":"Balangir"},"geometry":{"type":"Polygon","coordinates":[[[83.355,21.069],[83.352,21.071],[83.351,21.064],[83.341,21.058],[83.322,21.056],[83.317,21.041],[83.299,21.024],[83.296,21.014],[83.307,21.002],[83.327,20.995],[83.333,20.981],[83.342,20.986],[83.35,20.999],[83.361,21.003],[83.371,21.002],[83.372,20.993],[83.386,20.989],[83.384,20.973],[83.389,20.971],[83.391,20.964],[83.38,20.955],[83.385,20.953],[83.38,20.94],[83.391,20.932],[83.392,20.924],[83.415,20.908],[83.414,20.896],[83.404,20.89],[83.349,20.874],[83.338,20.883],[83.329,20.881],[83.329,20.874],[83.317,20.861],[83.307,20.859],[83.302,20.853],[83.285,20.853],[83.279,20.842],[83.272,20.869],[83.276,20.869],[83.251,20.898],[83.254,20.903],[83.25,20.918],[83.233,20.928],[83.217,20.93],[83.218,20.921],[83.21,20.919],[83.191,20.896],[83.165,20.884],[83.145,20.881],[83.129,20.859],[83.102,20.875],[83.087,20.858],[83.031,20.854],[83.018,20.857],[83.014,20.862],[83.002,20.849],[82.98,20.846],[82.981,20.866],[82.973,20.877],[82.973,20.885],[82.964,20.879],[82.967,20.893],[82.953,20.896],[82.942,20.884],[82.926,20.883],[82.925,20.895],[82.917,20.901],[82.89,20.903],[82.888,20.909],[82.858,20.876],[82.841,20.868],[82.807,20.836],[82.801,20.835],[82.771,20.802],[82.753,20.771],[82.745,20.771],[82.734,20.723],[82.7,20.73],[82.693,20.685],[82.719,20.678],[82.725,20.671],[82.724,20.658],[82.731,20.654],[82.727,20.639],[82.742,20.631],[82.73,20.606],[82.729,20.585],[82.71,20.57],[82.71,20.544],[82.704,20.533],[82.709,20.527],[82.705,20.504],[82.695,20.482],[82.687,20.476],[82.689,20.469],[82.683,20.461],[82.684,20.453],[82.695,20.451],[82.7,20.443],[82.694,20.431],[82.697,20.426],[82.709,20.416],[82.715,20.398],[82.73,20.383],[82.723,20.371],[82.715,20.368],[82.713,20.36],[82.726,20.355],[82.748,20.362],[82.764,20.353],[82.772,20.354],[82.781,20.37],[82.797,20.372],[82.804,20.385],[82.815,20.381],[82.813,20.364],[82.79,20.347],[82.794,20.339],[82.788,20.324],[82.803,20.321],[82.811,20.327],[82.807,20.34],[82.814,20.358],[82.822,20.345],[82.833,20.341],[82.835,20.336],[82.847,20.341],[82.852,20.338],[82.852,20.301],[82.846,20.291],[82.836,20.296],[82.841,20.303],[82.833,20.307],[82.837,20.316],[82.834,20.322],[82.816,20.318],[82.819,20.307],[82.81,20.296],[82.817,20.284],[82.829,20.28],[82.84,20.282],[82.845,20.29],[82.86,20.269],[82.858,20.255],[82.852,20.253],[82.851,20.243],[82.852,20.237],[82.859,20.237],[82.861,20.231],[82.848,20.207],[82.847,20.196],[82.827,20.187],[82.817,20.189],[82.81,20.175],[82.815,20.168],[82.874,20.157],[82.884,20.158],[82.895,20.149],[82.91,20.147],[82.911,20.168],[82.926,20.18],[82.944,20.174],[82.976,20.181],[82.98,20.176],[82.991,20.179],[83.016,20.172],[83.029,20.178],[83.034,20.187],[83.039,20.182],[83.052,20.189],[83.061,20.186],[83.065,20.191],[83.086,20.192],[83.091,20.2],[83.102,20.192],[83.127,20.195],[83.145,20.169],[83.155,20.174],[83.174,20.171],[83.19,20.176],[83.205,20.195],[83.225,20.204],[83.239,20.23],[83.234,20.245],[83.238,20.257],[83.285,20.28],[83.3,20.305],[83.314,20.305],[83.341,20.317],[83.362,20.318],[83.364,20.343],[83.387,20.347],[83.395,20.359],[83.408,20.368],[83.422,20.403],[83.486,20.454],[83.494,20.448],[83.497,20.434],[83.489,20.427],[83.49,20.405],[83.499,20.416],[83.52,20.412],[83.52,20.404],[83.536,20.399],[83.555,20.4],[83.57,20.387],[83.576,20.363],[83.596,20.361],[83.619,20.351],[83.624,20.353],[83.622,20.363],[83.627,20.368],[83.652,20.367],[83.648,20.381],[83.658,20.395],[83.662,20.405],[83.658,20.414],[83.662,20.414],[83.666,20.423],[83.66,20.423],[83.656,20.433],[83.627,20.448],[83.618,20.447],[83.618,20.458],[83.597,20.469],[83.597,20.476],[83.582,20.488],[83.574,20.481],[83.569,20.485],[83.58,20.504],[83.58,20.521],[83.602,20.53],[83.594,20.54],[83.597,20.564],[83.605,20.57],[83.596,20.579],[83.6,20.59],[83.595,20.606],[83.601,20.607],[83.621,20.633],[83.628,20.661],[83.642,20.671],[83.637,20.68],[83.65,20.687],[83.656,20.7],[83.665,20.705],[83.667,20.725],[83.677,20.741],[83.671,20.746],[83.653,20.746],[83.65,20.756],[83.655,20.757],[83.656,20.77],[83.65,20.775],[83.635,20.771],[83.635,20.797],[83.618,20.797],[83.613,20.803],[83.593,20.8],[83.593,20.805],[83.597,20.806],[83.594,20.821],[83.621,20.816],[83.625,20.827],[83.57,20.845],[83.577,20.873],[83.62,20.903],[83.62,20.91],[83.612,20.913],[83.615,20.927],[83.609,20.93],[83.615,20.936],[83.617,20.95],[83.624,20.952],[83.639,20.981],[83.615,20.984],[83.573,20.974],[83.53,20.985],[83.505,20.981],[83.49,20.995],[83.467,20.996],[83.446,21.016],[83.456,21.053],[83.437,21.046],[83.431,21.033],[83.424,21.031],[83.41,21.04],[83.403,21.062],[83.391,21.071],[83.378,21.062],[83.355,21.069]]]}},{"type":"Feature","properties":{"district":"Kandhamal"},"geometry":{"type":"Polygon","coordinates":[[[84.343,20.67],[84.337,20.673],[84.339,20.68],[84.326,20.688],[84.304,20.688],[84.287,20.68],[84.273,20.668],[84.28,20.635],[84.272,20.636],[84.257,20.602],[84.237,20.593],[84.225,20.582],[84.186,20.584],[84.176,20.599],[84.145,20.578],[84.135,20.583],[84.113,20.583],[84.105,20.592],[84.082,20.584],[84.06,20.59],[84.035,20.582],[84.034,20.576],[84.015,20.568],[84.005,20.569],[83.979,20.586],[83.938,20.584],[83.929,20.596],[83.941,20.605],[83.921,20.611],[83.913,20.602],[83.912,20.58],[83.874,20.582],[83.856,20.572],[83.857,20.563],[83.841,20.545],[83.823,20.549],[83.82,20.544],[83.825,20.536],[83.819,20.522],[83.813,20.522],[83.805,20.509],[83.796,20.509],[83.806,20.495],[83.811,20.463],[83.828,20.452],[83.813,20.455],[83.807,20.446],[83.815,20.436],[83.806,20.431],[83.793,20.433],[83.791,20.441],[83.786,20.442],[83.78,20.407],[83.755,20.426],[83.746,20.426],[83.746,20.421],[83.738,20.422],[83.719,20.435],[83.692,20.414],[83.686,20.415],[83.675,20.43],[83.658,20.414],[83.662,20.404],[83.655,20.389],[83.651,20.389],[83.653,20.385],[83.706,20.368],[83.7,20.352],[83.709,20.333],[83.71,20.311],[83.717,20.29],[83.718,20.255],[83.723,20.252],[83.725,20.241],[83.719,20.237],[83.74,20.222],[83.731,20.21],[83.771,20.206],[83.783,20.212],[83.791,20.193],[83.79,20.179],[83.778,20.172],[83.773,20.16],[83.762,20.164],[83.747,20.157],[83.743,20.15],[83.733,20.147],[83.726,20.126],[83.72,20.131],[83.716,20.129],[83.719,20.115],[83.711,20.102],[83.692,20.1],[83.676,20.111],[83.636,20.087],[83.616,20.098],[83.614,20.103],[83.599,20.103],[83.584,20.114],[83.581,20.108],[83.588,20.099],[83.579,20.097],[83.583,20.091],[83.572,20.086],[83.576,20.08],[83.567,20.072],[83.572,20.066],[83.569,20.056],[83.562,20.051],[83.554,20.054],[83.542,20.021],[83.523,20.016],[83.501,19.994],[83.504,19.977],[83.495,19.96],[83.534,19.948],[83.552,19.931],[83.56,19.93],[83.554,19.91],[83.538,19.897],[83.527,19.878],[83.528,19.855],[83.535,19.858],[83.544,19.843],[83.585,19.823],[83.598,19.828],[83.6,19.834],[83.607,19.816],[83.619,19.815],[83.62,19.805],[83.615,19.8],[83.621,19.775],[83.608,19.76],[83.608,19.751],[83.626,19.745],[83.632,19.731],[83.632,19.717],[83.644,19.697],[83.635,19.671],[83.646,19.659],[83.663,19.665],[83.669,19.677],[83.695,19.691],[83.722,19.672],[83.729,19.655],[83.742,19.655],[83.749,19.669],[83.763,19.677],[83.766,19.716],[83.791,19.711],[83.815,19.721],[83.818,19.714],[83.832,19.707],[83.837,19.712],[83.845,19.709],[83.843,19.702],[83.85,19.701],[83.854,19.686],[83.873,19.672],[83.906,19.672],[83.917,19.681],[83.922,19.676],[83.93,19.679],[83.936,19.671],[83.924,19.664],[83.934,19.658],[83.94,19.635],[83.955,19.636],[83.964,19.632],[83.966,19.624],[83.983,19.622],[84.003,19.629],[84.01,19.619],[84.024,19.63],[84.026,19.638],[84.035,19.636],[84.043,19.628],[84.057,19.628],[84.061,19.634],[84.083,19.633],[84.086,19.628],[84.091,19.631],[84.106,19.623],[84.129,19.632],[84.137,19.629],[84.14,19.608],[84.153,19.583],[84.162,19.582],[84.164,19.589],[84.185,19.587],[84.197,19.595],[84.209,19.592],[84.205,19.58],[84.215,19.585],[84.234,19.573],[84.234,19.577],[84.239,19.576],[84.233,19.593],[84.236,19.609],[84.227,19.612],[84.224,19.627],[84.235,19.631],[84.251,19.655],[84.236,19.66],[84.241,19.664],[84.236,19.669],[84.225,19.669],[84.214,19.685],[84.207,19.682],[84.201,19.686],[84.203,19.691],[84.195,19.698],[84.191,19.711],[84.202,19.734],[84.181,19.738],[84.167,19.735],[84.153,19.725],[84.148,19.73],[84.149,19.757],[84.13,19.781],[84.173,19.793],[84.165,19.806],[84.172,19.811],[84.174,19.824],[84.187,19.823],[84.2,19.836],[84.185,19.861],[84.277,19.881],[84.306,19.909],[84.324,19.872],[84.337,19.871],[84.344,19.862],[84.358,19.863],[84.357,19.86],[84.371,19.847],[84.385,19.841],[84.424,19.836],[84.431,19.84],[84.443,19.831],[84.449,19.835],[84.443,19.845],[84.462,19.857],[84.456,19.905],[84.463,19.915],[84.462,19.931],[84.469,19.94],[84.464,19.954],[84.455,19.952],[84.434,19.96],[84.419,19.955],[84.418,19.96],[84.407,19.958],[84.404,19.962],[84.39,19.956],[84.356,19.991],[84.337,19.978],[84.328,19.981],[84.323,19.99],[84.328,20.003],[84.339,20.009],[84.357,20.033],[84.363,20.026],[84.418,20.05],[84.416,20.063],[84.404,20.072],[84.404,20.084],[84.411,20.085],[84.418,20.1],[84.418,20.116],[84.428,20.121],[84.429,20.138],[84.442,20.147],[84.436,20.154],[84.439,20.162],[84.431,20.18],[84.435,20.2],[84.446,20.205],[84.459,20.188],[84.453,20.182],[84.454,20.166],[84.487,20.141],[84.509,20.136],[84.513,20.15],[84.523,20.152],[84.526,20.144],[84.56,20.139],[84.564,20.145],[84.558,20.157],[84.588,20.172],[84.585,20.187],[84.574,20.207],[84.549,20.232],[84.542,20.251],[84.547,20.259],[84.544,20.276],[84.552,20.284],[84.543,20.323],[84.521,20.326],[84.515,20.319],[84.509,20.326],[84.512,20.338],[84.505,20.332],[84.493,20.334],[84.483,20.348],[84.494,20.35],[84.495,20.358],[84.518,20.369],[84.521,20.381],[84.513,20.383],[84.51,20.395],[84.493,20.395],[84.482,20.384],[84.468,20.39],[84.461,20.4],[84.459,20.427],[84.465,20.446],[84.455,20.466],[84.448,20.465],[84.425,20.485],[84.435,20.496],[84.433,20.509],[84.401,20.528],[84.388,20.531],[84.389,20.542],[84.381,20.559],[84.384,20.569],[84.391,20.567],[84.394,20.576],[84.385,20.578],[84.38,20.588],[84.384,20.598],[84.37,20.632],[84.373,20.641],[84.369,20.651],[84.356,20.664],[84.357,20.671],[84.343,20.67]]]}},{"type":"Feature","properties":{"district":"Sonepur"},"geometry":{"type":"Polygon","coordinates":[[[83.899,21.177],[83.884,21.175],[83.873,21.159],[83.856,21.116],[83.84,21.094],[83.8,21.114],[83.786,21.133],[83.784,21.152],[83.768,21.155],[83.762,21.143],[83.746,21.14],[83.737,21.131],[83.727,21.131],[83.713,21.119],[83.704,21.122],[83.685,21.116],[83.676,21.126],[83.648,21.131],[83.604,21.128],[83.595,21.108],[83.548,21.077],[83.513,21.062],[83.492,21.062],[83.497,21.045],[83.494,21.041],[83.473,21.057],[83.458,21.06],[83.446,21.016],[83.469,20.995],[83.49,20.995],[83.51,20.98],[83.53,20.985],[83.568,20.974],[83.615,20.984],[83.639,20.981],[83.624,20.952],[83.617,20.95],[83.615,20.936],[83.609,20.93],[83.615,20.927],[83.612,20.913],[83.62,20.91],[83.62,20.903],[83.577,20.873],[83.57,20.845],[83.625,20.827],[83.621,20.816],[83.594,20.821],[83.597,20.806],[83.593,20.805],[83.593,20.8],[83.613,20.803],[83.618,20.797],[83.635,20.797],[83.635,20.771],[83.65,20.775],[83.656,20.77],[83.655,20.757],[83.65,20.756],[83.653,20.746],[83.677,20.745],[83.667,20.725],[83.666,20.707],[83.656,20.7],[83.65,20.687],[83.637,20.68],[83.642,20.671],[83.628,20.661],[83.621,20.633],[83.601,20.607],[83.595,20.606],[83.6,20.59],[83.596,20.579],[83.605,20.57],[83.597,20.564],[83.595,20.553],[83.594,20.54],[83.601,20.528],[83.645,20.537],[83.684,20.559],[83.731,20.61],[83.732,20.623],[83.716,20.64],[83.736,20.673],[83.743,20.704],[83.758,20.717],[83.764,20.757],[83.762,20.78],[83.786,20.803],[83.815,20.811],[83.837,20.826],[83.865,20.816],[83.896,20.817],[83.937,20.842],[84.013,20.841],[84.033,20.822],[84.041,20.821],[84.064,20.83],[84.107,20.838],[84.203,20.894],[84.235,20.895],[84.266,20.881],[84.268,20.889],[84.262,20.9],[84.271,20.908],[84.268,20.913],[84.279,20.922],[84.238,20.923],[84.225,20.932],[84.209,20.962],[84.192,20.976],[84.17,20.971],[84.156,20.975],[84.153,20.986],[84.156,20.996],[84.148,20.999],[84.14,21.013],[84.142,21.033],[84.074,21.049],[84.043,21.044],[84.029,21.053],[84.017,21.052],[83.999,21.066],[83.995,21.076],[83.987,21.079],[83.992,21.1],[83.991,21.111],[83.982,21.117],[83.984,21.131],[83.948,21.145],[83.949,21.151],[83.899,21.177]]]}},{"type":"Feature","properties":{"district":"Boudh"},"geometry":{"type":"Polygon","coordinates":[[[84.235,20.895],[84.199,20.892],[84.107,20.838],[84.064,20.83],[84.041,20.821],[84.033,20.822],[84.013,20.841],[83.937,20.842],[83.896,20.817],[83.865,20.816],[83.837,20.826],[83.815,20.811],[83.783,20.8],[83.762,20.78],[83.764,20.757],[83.758,20.717],[83.743,20.704],[83.736,20.673],[83.716,20.64],[83.732,20.623],[83.731,20.61],[83.684,20.559],[83.644,20.537],[83.582,20.524],[83.579,20.502],[83.57,20.484],[83.574,20.481],[83.583,20.488],[83.597,20.476],[83.597,20.469],[83.618,20.458],[83.618,20.447],[83.627,20.448],[83.656,20.433],[83.661,20.423],[83.677,20.43],[83.685,20.415],[83.692,20.414],[83.719,20.435],[83.738,20.422],[83.746,20.421],[83.746,20.426],[83.755,20.426],[83.78,20.407],[83.786,20.442],[83.791,20.441],[83.793,20.433],[83.806,20.431],[83.815,20.436],[83.807,20.446],[83.813,20.455],[83.828,20.452],[83.811,20.463],[83.806,20.495],[83.796,20.509],[83.805,20.509],[83.813,20.522],[83.819,20.522],[83.825,20.536],[83.82,20.544],[83.823,20.549],[83.841,20.545],[83.857,20.563],[83.856,20.572],[83.874,20.582],[83.912,20.58],[83.913,20.602],[83.921,20.611],[83.941,20.605],[83.929,20.596],[83.938,20.584],[83.979,20.586],[84.005,20.569],[84.015,20.568],[84.034,20.576],[84.035,20.582],[84.06,20.59],[84.082,20.584],[84.105,20.592],[84.113,20.583],[84.135,20.583],[84.145,20.578],[84.176,20.599],[84.186,20.584],[84.225,20.582],[84.237,20.593],[84.257,20.602],[84.272,20.636],[84.28,20.635],[84.273,20.668],[84.277,20.673],[84.296,20.686],[84.314,20.69],[84.339,20.68],[84.337,20.673],[84.357,20.671],[84.356,20.664],[84.369,20.651],[84.373,20.641],[84.37,20.632],[84.384,20.598],[84.38,20.588],[84.385,20.578],[84.394,20.576],[84.391,20.567],[84.384,20.569],[84.381,20.559],[84.389,20.542],[84.388,20.531],[84.401,20.528],[84.433,20.509],[84.435,20.496],[84.425,20.485],[84.448,20.465],[84.455,20.466],[84.465,20.445],[84.459,20.427],[84.461,20.4],[84.468,20.39],[84.482,20.384],[84.493,20.395],[84.509,20.395],[84.518,20.405],[84.54,20.41],[84.542,20.419],[84.564,20.411],[84.59,20.424],[84.604,20.42],[84.618,20.434],[84.647,20.424],[84.663,20.425],[84.674,20.434],[84.681,20.433],[84.69,20.441],[84.686,20.448],[84.691,20.45],[84.688,20.459],[84.681,20.46],[84.693,20.47],[84.697,20.498],[84.711,20.507],[84.712,20.524],[84.74,20.541],[84.766,20.532],[84.778,20.549],[84.787,20.551],[84.791,20.561],[84.79,20.581],[84.778,20.598],[84.762,20.608],[84.728,20.616],[84.698,20.612],[84.639,20.624],[84.612,20.639],[84.582,20.675],[84.56,20.69],[84.516,20.702],[84.499,20.718],[84.463,20.735],[84.42,20.738],[84.378,20.754],[84.36,20.766],[84.349,20.781],[84.356,20.793],[84.356,20.818],[84.344,20.839],[84.294,20.868],[84.235,20.895]]]}},{"type":"Feature","properties":{"district":"Gajapati"},"geometry":{"type":"MultiPolygon","coordinates":[[[[84.336,18.79],[84.329,18.787],[84.339,18.779],[84.34,18.789],[84.336,18.79]]],[[[84.352,18.786],[84.352,18.787],[84.352,18.788],[84.353,18.79],[84.352,18.791],[84.35,18.792],[84.35,18.791],[84.35,18.789],[84.35,18.788],[84.35,18.787],[84.351,18.786],[84.352,18.786]]],[[[84.043,19.628],[84.027,19.638],[84.01,19.619],[84.003,19.629],[83.983,19.622],[83.966,19.624],[83.964,19.632],[83.955,19.636],[83.934,19.634],[83.925,19.626],[83.934,19.594],[83.932,19.574],[83.94,19.563],[83.938,19.556],[83.946,19.547],[83.955,19.548],[83.971,19.542],[83.978,19.531],[83.959,19.508],[83.958,19.502],[83.977,19.486],[83.963,19.448],[83.942,19.42],[83.947,19.397],[83.963,19.396],[83.966,19.388],[83.978,19.384],[83.98,19.4],[83.987,19.402],[83.99,19.389],[84.015,19.377],[84.029,19.347],[84.024,19.338],[84.027,19.328],[84.016,19.318],[84.014,19.307],[84.02,19.291],[84.013,19.285],[84.011,19.271],[84.003,19.27],[83.989,19.221],[83.98,19.213],[83.997,19.193],[83.988,19.187],[83.992,19.169],[83.984,19.165],[83.989,19.157],[83.994,19.15],[84.01,19.143],[84.027,19.143],[84.034,19.132],[84.016,19.118],[84.014,19.1],[84.02,19.089],[84.018,19.08],[84.022,19.075],[84.029,19.076],[84.032,19.059],[84.009,19.057],[84.003,19.07],[83.978,19.072],[83.965,19.063],[83.963,19.043],[83.986,19.022],[83.976,19.008],[83.96,18.999],[83.95,18.998],[83.928,19.015],[83.917,19.013],[83.908,19.02],[83.891,18.995],[83.857,18.991],[83.851,19.006],[83.844,19.011],[83.833,19.004],[83.819,19.02],[83.817,19.032],[83.807,19.033],[83.799,19.028],[83.794,19.007],[83.809,18.992],[83.818,18.972],[83.822,18.96],[83.82,18.939],[83.829,18.931],[83.827,18.916],[83.84,18.919],[83.846,18.914],[83.849,18.9],[83.844,18.876],[83.848,18.864],[83.888,18.831],[83.893,18.814],[83.9,18.824],[83.916,18.828],[83.932,18.816],[83.942,18.815],[83.942,18.808],[83.95,18.805],[83.965,18.815],[84.016,18.809],[84.015,18.817],[84.033,18.812],[84.038,18.816],[84.046,18.813],[84.047,18.802],[84.06,18.799],[84.06,18.782],[84.068,18.782],[84.076,18.764],[84.09,18.764],[84.089,18.757],[84.122,18.768],[84.137,18.761],[84.142,18.764],[84.14,18.777],[84.158,18.783],[84.159,18.788],[84.17,18.788],[84.176,18.78],[84.183,18.782],[84.19,18.778],[84.195,18.792],[84.218,18.79],[84.214,18.795],[84.226,18.799],[84.234,18.795],[84.241,18.797],[84.243,18.789],[84.256,18.788],[84.261,18.783],[84.286,18.792],[84.289,18.805],[84.321,18.786],[84.327,18.799],[84.345,18.802],[84.331,18.818],[84.349,18.82],[84.352,18.831],[84.36,18.831],[84.364,18.837],[84.333,18.861],[84.326,18.876],[84.331,18.883],[84.337,18.89],[84.362,18.861],[84.374,18.861],[84.384,18.874],[84.373,18.878],[84.36,18.895],[84.383,18.881],[84.381,18.886],[84.388,18.884],[84.392,18.876],[84.398,18.884],[84.398,18.89],[84.378,18.904],[84.386,18.9],[84.394,18.904],[84.4,18.895],[84.419,18.897],[84.422,18.905],[84.419,18.917],[84.428,18.909],[84.439,18.927],[84.438,18.932],[84.428,18.932],[84.431,18.936],[84.426,18.951],[84.412,18.939],[84.394,18.954],[84.403,18.959],[84.404,18.965],[84.41,18.966],[84.407,18.973],[84.398,18.974],[84.387,18.965],[84.384,18.976],[84.388,18.975],[84.4,18.987],[84.39,18.997],[84.396,19.004],[84.389,19.006],[84.381,18.991],[84.364,18.989],[84.36,18.994],[84.371,19.014],[84.354,19.008],[84.357,19.014],[84.347,19.014],[84.354,19.031],[84.36,19.033],[84.362,19.048],[84.368,19.051],[84.357,19.065],[84.362,19.074],[84.37,19.072],[84.374,19.081],[84.372,19.091],[84.367,19.09],[84.371,19.105],[84.379,19.106],[84.375,19.111],[84.388,19.125],[84.388,19.129],[84.376,19.129],[84.378,19.141],[84.389,19.142],[84.377,19.147],[84.374,19.158],[84.365,19.161],[84.369,19.18],[84.361,19.182],[84.361,19.19],[84.396,19.199],[84.397,19.214],[84.411,19.225],[84.409,19.239],[84.426,19.261],[84.42,19.278],[84.428,19.295],[84.42,19.294],[84.423,19.302],[84.417,19.309],[84.417,19.338],[84.425,19.354],[84.437,19.362],[84.394,19.372],[84.381,19.385],[84.385,19.391],[84.392,19.382],[84.394,19.396],[84.388,19.406],[84.37,19.409],[84.372,19.427],[84.383,19.423],[84.384,19.43],[84.405,19.439],[84.423,19.439],[84.423,19.446],[84.403,19.449],[84.396,19.457],[84.394,19.474],[84.384,19.474],[84.375,19.486],[84.388,19.516],[84.38,19.537],[84.386,19.539],[84.388,19.565],[84.379,19.576],[84.378,19.586],[84.365,19.596],[84.353,19.589],[84.336,19.594],[84.335,19.598],[84.332,19.594],[84.336,19.586],[84.319,19.587],[84.315,19.581],[84.298,19.579],[84.279,19.567],[84.277,19.554],[84.264,19.553],[84.263,19.588],[84.26,19.589],[84.253,19.56],[84.215,19.585],[84.205,19.58],[84.207,19.594],[84.197,19.595],[84.178,19.586],[84.164,19.589],[84.162,19.582],[84.153,19.583],[84.134,19.631],[84.106,19.623],[84.091,19.631],[84.086,19.628],[84.083,19.633],[84.061,19.634],[84.057,19.628],[84.043,19.628]]]]}},{"type":"Feature","properties":{"district":"Kalahandi"},"geometry":{"type":"Polygon","coordinates":[[[83.488,20.453],[83.422,20.403],[83.408,20.368],[83.395,20.359],[83.387,20.347],[83.364,20.343],[83.362,20.318],[83.341,20.317],[83.314,20.305],[83.3,20.305],[83.285,20.28],[83.238,20.257],[83.234,20.245],[83.239,20.23],[83.225,20.204],[83.205,20.195],[83.19,20.176],[83.174,20.171],[83.155,20.174],[83.145,20.169],[83.127,20.195],[83.102,20.192],[83.091,20.2],[83.086,20.192],[83.065,20.191],[83.061,20.186],[83.052,20.189],[83.039,20.182],[83.034,20.187],[83.029,20.178],[83.016,20.172],[82.991,20.179],[82.98,20.176],[82.976,20.181],[82.944,20.174],[82.926,20.18],[82.911,20.168],[82.91,20.147],[82.895,20.149],[82.884,20.158],[82.823,20.165],[82.816,20.128],[82.82,20.113],[82.814,20.102],[82.788,20.103],[82.755,20.055],[82.74,20.053],[82.748,20.042],[82.745,20.025],[82.728,20.024],[82.717,20.006],[82.715,19.959],[82.72,19.948],[82.713,19.938],[82.707,19.902],[82.714,19.878],[82.724,19.875],[82.718,19.854],[82.711,19.851],[82.711,19.84],[82.697,19.831],[82.652,19.832],[82.648,19.82],[82.637,19.813],[82.627,19.794],[82.604,19.788],[82.602,19.781],[82.595,19.778],[82.596,19.76],[82.602,19.747],[82.593,19.747],[82.573,19.734],[82.568,19.735],[82.563,19.728],[82.568,19.715],[82.573,19.714],[82.568,19.709],[82.567,19.685],[82.577,19.681],[82.556,19.645],[82.525,19.632],[82.538,19.616],[82.547,19.612],[82.54,19.595],[82.537,19.597],[82.529,19.585],[82.536,19.578],[82.558,19.582],[82.559,19.574],[82.568,19.566],[82.566,19.545],[82.58,19.547],[82.588,19.54],[82.616,19.539],[82.614,19.525],[82.607,19.521],[82.624,19.52],[82.647,19.508],[82.634,19.492],[82.633,19.482],[82.643,19.483],[82.649,19.477],[82.65,19.46],[82.66,19.457],[82.664,19.444],[82.674,19.442],[82.674,19.434],[82.683,19.437],[82.69,19.42],[82.697,19.416],[82.708,19.419],[82.707,19.415],[82.712,19.414],[82.716,19.404],[82.706,19.4],[82.712,19.391],[82.707,19.39],[82.708,19.379],[82.717,19.37],[82.712,19.368],[82.712,19.363],[82.717,19.353],[82.725,19.354],[82.726,19.345],[82.741,19.349],[82.748,19.337],[82.756,19.333],[82.757,19.327],[82.773,19.332],[82.769,19.335],[82.772,19.34],[82.78,19.343],[82.786,19.342],[82.79,19.333],[82.813,19.329],[82.823,19.322],[82.848,19.324],[82.844,19.317],[82.853,19.308],[82.841,19.308],[82.844,19.301],[82.839,19.301],[82.826,19.282],[82.83,19.276],[82.825,19.256],[82.817,19.257],[82.804,19.237],[82.799,19.236],[82.814,19.231],[82.824,19.239],[82.836,19.236],[82.847,19.224],[82.846,19.212],[82.85,19.207],[82.864,19.207],[82.872,19.199],[82.887,19.201],[82.894,19.211],[82.884,19.218],[82.895,19.217],[82.918,19.239],[82.903,19.264],[82.906,19.27],[82.902,19.283],[82.912,19.296],[82.926,19.297],[82.938,19.307],[82.938,19.323],[82.954,19.347],[82.945,19.364],[82.956,19.392],[82.938,19.403],[82.936,19.425],[82.933,19.431],[82.922,19.433],[82.923,19.441],[82.935,19.452],[82.938,19.447],[82.978,19.449],[82.997,19.468],[82.994,19.485],[82.999,19.498],[83.025,19.508],[83.028,19.515],[83.025,19.524],[83.035,19.538],[83.036,19.55],[83.044,19.557],[83.07,19.562],[83.078,19.559],[83.088,19.537],[83.101,19.537],[83.102,19.543],[83.108,19.538],[83.103,19.524],[83.109,19.525],[83.114,19.515],[83.107,19.509],[83.122,19.498],[83.135,19.508],[83.159,19.484],[83.148,19.467],[83.169,19.427],[83.185,19.424],[83.182,19.452],[83.186,19.464],[83.191,19.465],[83.202,19.451],[83.202,19.439],[83.213,19.438],[83.216,19.43],[83.219,19.443],[83.212,19.444],[83.201,19.46],[83.208,19.469],[83.205,19.474],[83.212,19.478],[83.228,19.506],[83.246,19.505],[83.245,19.514],[83.257,19.528],[83.248,19.539],[83.256,19.547],[83.264,19.548],[83.266,19.559],[83.253,19.57],[83.258,19.577],[83.269,19.577],[83.266,19.601],[83.278,19.598],[83.288,19.589],[83.288,19.597],[83.3,19.591],[83.319,19.592],[83.358,19.607],[83.366,19.598],[83.373,19.597],[83.375,19.607],[83.369,19.62],[83.384,19.668],[83.402,19.683],[83.416,19.685],[83.428,19.696],[83.432,19.712],[83.446,19.72],[83.445,19.733],[83.454,19.737],[83.454,19.774],[83.45,19.78],[83.454,19.781],[83.451,19.785],[83.459,19.797],[83.437,19.802],[83.438,19.813],[83.431,19.826],[83.439,19.833],[83.422,19.85],[83.43,19.871],[83.424,19.876],[83.42,19.892],[83.409,19.901],[83.413,19.907],[83.404,19.921],[83.419,19.934],[83.423,19.928],[83.442,19.934],[83.446,19.973],[83.495,19.96],[83.504,19.977],[83.501,19.994],[83.523,20.016],[83.542,20.021],[83.554,20.054],[83.562,20.051],[83.569,20.056],[83.572,20.066],[83.567,20.072],[83.576,20.08],[83.572,20.086],[83.583,20.091],[83.579,20.097],[83.588,20.099],[83.581,20.108],[83.584,20.114],[83.599,20.103],[83.614,20.103],[83.616,20.098],[83.636,20.087],[83.676,20.111],[83.692,20.1],[83.711,20.102],[83.719,20.115],[83.716,20.129],[83.72,20.131],[83.726,20.126],[83.733,20.147],[83.743,20.15],[83.747,20.157],[83.762,20.164],[83.773,20.16],[83.778,20.172],[83.79,20.179],[83.791,20.193],[83.783,20.212],[83.771,20.206],[83.731,20.21],[83.74,20.222],[83.719,20.237],[83.725,20.241],[83.723,20.252],[83.718,20.255],[83.717,20.29],[83.71,20.311],[83.709,20.333],[83.7,20.352],[83.706,20.368],[83.661,20.381],[83.651,20.389],[83.648,20.38],[83.654,20.372],[83.652,20.367],[83.626,20.367],[83.622,20.351],[83.576,20.363],[83.57,20.387],[83.555,20.4],[83.536,20.399],[83.52,20.404],[83.52,20.412],[83.499,20.416],[83.49,20.405],[83.489,20.427],[83.497,20.434],[83.488,20.453]]]}},{"type":"Feature","properties":{"district":"Rayagada"},"geometry":{"type":"Polygon","coordinates":[[[83.451,19.974],[83.446,19.973],[83.442,19.934],[83.423,19.928],[83.419,19.934],[83.404,19.921],[83.413,19.907],[83.409,19.901],[83.42,19.892],[83.424,19.876],[83.43,19.871],[83.422,19.85],[83.439,19.833],[83.431,19.826],[83.438,19.813],[83.437,19.802],[83.459,19.797],[83.451,19.785],[83.454,19.781],[83.45,19.78],[83.454,19.774],[83.454,19.737],[83.445,19.733],[83.446,19.72],[83.432,19.712],[83.428,19.696],[83.416,19.685],[83.402,19.683],[83.384,19.668],[83.369,19.62],[83.375,19.607],[83.373,19.597],[83.366,19.598],[83.358,19.607],[83.319,19.592],[83.3,19.591],[83.288,19.597],[83.288,19.589],[83.278,19.598],[83.266,19.601],[83.269,19.577],[83.258,19.577],[83.253,19.57],[83.266,19.559],[83.264,19.548],[83.256,19.547],[83.248,19.539],[83.257,19.528],[83.245,19.514],[83.246,19.505],[83.228,19.506],[83.212,19.478],[83.205,19.474],[83.208,19.469],[83.201,19.46],[83.212,19.444],[83.219,19.443],[83.216,19.43],[83.213,19.438],[83.202,19.439],[83.204,19.446],[83.198,19.459],[83.192,19.465],[83.186,19.464],[83.182,19.422],[83.169,19.427],[83.148,19.467],[83.159,19.481],[83.153,19.491],[83.135,19.508],[83.122,19.498],[83.107,19.509],[83.114,19.515],[83.109,19.525],[83.103,19.524],[83.108,19.538],[83.102,19.543],[83.101,19.537],[83.088,19.537],[83.078,19.559],[83.07,19.562],[83.043,19.556],[83.036,19.55],[83.035,19.538],[83.025,19.525],[83.028,19.515],[83.025,19.508],[82.999,19.498],[82.994,19.485],[82.997,19.468],[82.994,19.464],[82.978,19.449],[82.938,19.447],[82.935,19.452],[82.921,19.439],[82.922,19.433],[82.933,19.431],[82.936,19.425],[82.938,19.403],[82.956,19.392],[82.945,19.364],[82.954,19.347],[82.938,19.323],[82.938,19.307],[82.926,19.297],[82.912,19.296],[82.902,19.283],[82.906,19.27],[82.903,19.264],[82.918,19.239],[82.895,19.217],[82.884,19.218],[82.894,19.212],[82.892,19.205],[82.872,19.199],[82.87,19.194],[82.878,19.183],[82.883,19.184],[82.898,19.174],[82.897,19.168],[82.904,19.16],[82.901,19.155],[82.92,19.162],[82.955,19.156],[82.981,19.172],[82.981,19.138],[83.005,19.121],[83.009,19.096],[83.019,19.095],[83.029,19.087],[83.028,19.079],[83.019,19.074],[83.022,19.061],[83.032,19.055],[83.048,19.056],[83.065,19.044],[83.072,19.058],[83.066,19.063],[83.073,19.071],[83.074,19.082],[83.087,19.088],[83.101,19.111],[83.107,19.114],[83.12,19.09],[83.13,19.093],[83.136,19.136],[83.148,19.136],[83.15,19.125],[83.162,19.122],[83.166,19.138],[83.175,19.145],[83.189,19.151],[83.201,19.148],[83.205,19.154],[83.197,19.16],[83.198,19.169],[83.22,19.162],[83.227,19.173],[83.248,19.162],[83.257,19.164],[83.256,19.153],[83.241,19.145],[83.24,19.133],[83.245,19.128],[83.225,19.123],[83.221,19.138],[83.205,19.133],[83.205,19.123],[83.195,19.119],[83.179,19.098],[83.19,19.096],[83.185,19.081],[83.195,19.075],[83.187,19.059],[83.193,19.052],[83.184,19.014],[83.197,18.991],[83.185,18.961],[83.201,18.96],[83.22,18.984],[83.237,18.99],[83.234,19.026],[83.243,19.027],[83.261,19.039],[83.269,19.056],[83.267,19.063],[83.262,19.069],[83.259,19.068],[83.283,19.126],[83.285,19.116],[83.291,19.115],[83.298,19.123],[83.302,19.114],[83.309,19.118],[83.32,19.114],[83.327,19.1],[83.341,19.102],[83.338,19.083],[83.345,19.073],[83.34,19.061],[83.345,19.052],[83.359,19.052],[83.362,19.048],[83.347,19.025],[83.348,19.017],[83.367,19.016],[83.367,19.006],[83.373,19.002],[83.385,19.001],[83.397,19.01],[83.411,19.0],[83.414,19.004],[83.42,18.998],[83.415,18.989],[83.439,18.976],[83.446,18.958],[83.462,18.955],[83.47,18.969],[83.469,18.98],[83.464,18.98],[83.468,18.991],[83.455,18.991],[83.45,19.01],[83.462,19.012],[83.48,19.008],[83.483,19.034],[83.471,19.043],[83.469,19.061],[83.462,19.064],[83.466,19.08],[83.478,19.079],[83.476,19.085],[83.467,19.088],[83.468,19.093],[83.483,19.092],[83.486,19.088],[83.481,19.079],[83.501,19.061],[83.502,19.066],[83.512,19.07],[83.517,19.057],[83.513,19.048],[83.519,19.039],[83.515,19.028],[83.508,19.036],[83.496,19.035],[83.501,19.021],[83.537,19.009],[83.542,19.041],[83.558,19.056],[83.549,19.081],[83.56,19.087],[83.567,19.072],[83.56,19.064],[83.563,19.058],[83.575,19.061],[83.584,19.058],[83.586,19.087],[83.593,19.093],[83.611,19.096],[83.598,19.119],[83.599,19.13],[83.608,19.14],[83.616,19.137],[83.621,19.142],[83.627,19.151],[83.626,19.163],[83.637,19.154],[83.632,19.141],[83.637,19.131],[83.655,19.13],[83.654,19.123],[83.647,19.118],[83.663,19.099],[83.661,19.081],[83.685,19.059],[83.7,19.025],[83.73,19.022],[83.724,19.01],[83.71,19.007],[83.709,19.003],[83.714,18.993],[83.733,18.988],[83.741,18.95],[83.754,18.925],[83.763,18.927],[83.769,18.914],[83.78,18.912],[83.788,18.916],[83.784,18.934],[83.776,18.945],[83.773,18.944],[83.77,18.955],[83.759,18.951],[83.755,18.971],[83.748,18.974],[83.745,18.987],[83.752,18.999],[83.761,19.003],[83.763,18.998],[83.765,19.005],[83.782,19.008],[83.778,19.018],[83.795,19.018],[83.799,19.029],[83.811,19.033],[83.817,19.032],[83.819,19.02],[83.832,19.005],[83.844,19.011],[83.856,19.0],[83.857,18.991],[83.891,18.995],[83.908,19.02],[83.917,19.013],[83.928,19.015],[83.95,18.998],[83.976,19.008],[83.986,19.022],[83.963,19.043],[83.965,19.063],[83.978,19.072],[84.003,19.07],[84.009,19.057],[84.032,19.059],[84.029,19.076],[84.022,19.075],[84.018,19.08],[84.02,19.089],[84.014,19.1],[84.016,19.118],[84.034,19.132],[84.027,19.143],[84.01,19.143],[83.994,19.15],[83.989,19.157],[83.984,19.165],[83.992,19.169],[83.988,19.187],[83.997,19.193],[83.98,19.213],[83.989,19.221],[84.003,19.27],[84.011,19.271],[84.013,19.285],[84.02,19.291],[84.014,19.307],[84.016,19.318],[84.027,19.328],[84.024,19.338],[84.029,19.347],[84.015,19.377],[83.99,19.389],[83.987,19.402],[83.98,19.4],[83.978,19.384],[83.966,19.388],[83.963,19.396],[83.947,19.397],[83.942,19.42],[83.963,19.448],[83.977,19.486],[83.958,19.502],[83.959,19.508],[83.978,19.531],[83.97,19.542],[83.942,19.55],[83.94,19.563],[83.932,19.572],[83.934,19.594],[83.925,19.626],[83.926,19.631],[83.94,19.635],[83.934,19.658],[83.924,19.664],[83.936,19.671],[83.93,19.679],[83.922,19.676],[83.917,19.681],[83.906,19.672],[83.873,19.672],[83.854,19.686],[83.85,19.701],[83.843,19.702],[83.845,19.709],[83.837,19.712],[83.832,19.707],[83.822,19.711],[83.814,19.721],[83.791,19.711],[83.766,19.716],[83.763,19.677],[83.749,19.669],[83.742,19.655],[83.729,19.655],[83.722,19.672],[83.695,19.691],[83.67,19.678],[83.663,19.665],[83.648,19.658],[83.635,19.671],[83.644,19.697],[83.632,19.717],[83.632,19.731],[83.626,19.745],[83.608,19.751],[83.608,19.76],[83.621,19.775],[83.615,19.8],[83.62,19.805],[83.619,19.815],[83.607,19.816],[83.6,19.834],[83.598,19.828],[83.585,19.823],[83.544,19.843],[83.535,19.858],[83.532,19.854],[83.527,19.856],[83.527,19.878],[83.538,19.897],[83.554,19.91],[83.56,19.93],[83.552,19.931],[83.534,19.948],[83.479,19.966],[83.474,19.963],[83.451,19.974]]]}},{"type":"Feature","properties":{"district":"Ganjam"},"geometry":{"type":"Polygon","coordinates":[[[84.736,20.244],[84.728,20.259],[84.705,20.279],[84.696,20.281],[84.672,20.274],[84.665,20.244],[84.651,20.226],[84.649,20.203],[84.634,20.19],[84.62,20.188],[84.597,20.176],[84.585,20.187],[84.588,20.171],[84.558,20.157],[84.564,20.145],[84.56,20.139],[84.526,20.144],[84.523,20.152],[84.513,20.15],[84.509,20.136],[84.487,20.141],[84.452,20.168],[84.453,20.182],[84.459,20.188],[84.45,20.201],[84.446,20.205],[84.435,20.2],[84.431,20.18],[84.439,20.162],[84.436,20.154],[84.442,20.147],[84.429,20.138],[84.428,20.121],[84.418,20.116],[84.418,20.1],[84.411,20.085],[84.404,20.084],[84.404,20.072],[84.416,20.063],[84.418,20.05],[84.363,20.026],[84.357,20.033],[84.339,20.009],[84.33,20.008],[84.323,19.99],[84.328,19.981],[84.336,19.978],[84.356,19.991],[84.39,19.956],[84.404,19.962],[84.407,19.958],[84.418,19.96],[84.419,19.955],[84.434,19.96],[84.455,19.952],[84.464,19.954],[84.469,19.94],[84.462,19.931],[84.463,19.915],[84.456,19.905],[84.462,19.857],[84.443,19.845],[84.449,19.835],[84.443,19.831],[84.431,19.84],[84.424,19.836],[84.385,19.841],[84.371,19.847],[84.357,19.86],[84.358,19.863],[84.344,19.862],[84.337,19.871],[84.324,19.872],[84.306,19.909],[84.277,19.881],[84.185,19.861],[84.2,19.836],[84.187,19.823],[84.174,19.824],[84.172,19.811],[84.165,19.806],[84.173,19.793],[84.13,19.781],[84.149,19.757],[84.148,19.73],[84.153,19.725],[84.167,19.735],[84.181,19.738],[84.202,19.734],[84.191,19.711],[84.195,19.698],[84.203,19.691],[84.201,19.686],[84.207,19.682],[84.214,19.685],[84.225,19.669],[84.236,19.669],[84.241,19.664],[84.236,19.66],[84.251,19.655],[84.235,19.631],[84.225,19.63],[84.227,19.612],[84.236,19.609],[84.233,19.593],[84.239,19.576],[84.228,19.575],[84.253,19.56],[84.26,19.589],[84.263,19.588],[84.262,19.559],[84.264,19.553],[84.271,19.552],[84.278,19.555],[84.279,19.567],[84.298,19.579],[84.315,19.581],[84.319,19.587],[84.336,19.586],[84.332,19.594],[84.335,19.598],[84.336,19.594],[84.353,19.589],[84.365,19.596],[84.378,19.586],[84.379,19.576],[84.388,19.565],[84.386,19.539],[84.38,19.537],[84.388,19.516],[84.375,19.486],[84.384,19.474],[84.394,19.474],[84.396,19.457],[84.403,19.449],[84.423,19.446],[84.423,19.439],[84.405,19.439],[84.384,19.43],[84.383,19.423],[84.372,19.427],[84.37,19.409],[84.388,19.406],[84.394,19.396],[84.392,19.382],[84.385,19.391],[84.381,19.385],[84.394,19.372],[84.437,19.362],[84.425,19.354],[84.417,19.338],[84.417,19.309],[84.423,19.302],[84.42,19.294],[84.428,19.295],[84.42,19.278],[84.426,19.261],[84.409,19.239],[84.411,19.225],[84.397,19.214],[84.396,19.199],[84.361,19.19],[84.361,19.182],[84.369,19.18],[84.365,19.161],[84.374,19.158],[84.377,19.147],[84.389,19.142],[84.378,19.141],[84.376,19.129],[84.388,19.129],[84.388,19.125],[84.375,19.111],[84.379,19.106],[84.371,19.105],[84.367,19.09],[84.372,19.091],[84.374,19.081],[84.37,19.072],[84.362,19.074],[84.357,19.065],[84.368,19.051],[84.362,19.048],[84.36,19.033],[84.354,19.031],[84.347,19.014],[84.357,19.014],[84.354,19.008],[84.371,19.014],[84.36,18.994],[84.364,18.989],[84.381,18.991],[84.389,19.006],[84.396,19.004],[84.39,18.997],[84.399,18.984],[84.384,18.973],[84.387,18.965],[84.397,18.973],[84.407,18.973],[84.41,18.966],[84.404,18.965],[84.403,18.959],[84.394,18.954],[84.411,18.939],[84.432,18.959],[84.431,18.969],[84.442,18.969],[84.452,18.976],[84.443,18.99],[84.432,18.995],[84.432,19.007],[84.422,19.013],[84.421,19.022],[84.426,19.019],[84.425,19.014],[84.432,19.013],[84.442,19.004],[84.479,18.988],[84.483,19.017],[84.494,19.029],[84.505,19.034],[84.516,19.048],[84.526,19.046],[84.557,19.057],[84.573,19.074],[84.575,19.068],[84.583,19.073],[84.583,19.049],[84.577,19.04],[84.583,19.042],[84.582,19.03],[84.594,19.022],[84.601,19.025],[84.613,19.057],[84.621,19.056],[84.618,19.066],[84.628,19.066],[84.631,19.06],[84.637,19.06],[84.642,19.067],[84.661,19.063],[84.663,19.075],[84.671,19.076],[84.659,19.094],[84.647,19.096],[84.631,19.082],[84.632,19.087],[84.625,19.085],[84.625,19.099],[84.62,19.104],[84.619,19.1],[84.61,19.101],[84.611,19.107],[84.603,19.127],[84.596,19.132],[84.63,19.127],[84.644,19.13],[84.644,19.134],[84.667,19.13],[84.671,19.166],[84.678,19.167],[84.684,19.16],[84.712,19.158],[84.715,19.152],[84.711,19.146],[84.7,19.144],[84.706,19.141],[84.698,19.126],[84.703,19.126],[84.703,19.118],[84.766,19.078],[84.811,19.157],[84.878,19.23],[84.984,19.318],[85.08,19.375],[85.106,19.414],[85.173,19.467],[85.149,19.495],[85.135,19.522],[85.173,19.559],[85.183,19.678],[85.161,19.696],[85.144,19.721],[85.138,19.739],[85.084,19.77],[85.072,19.795],[85.045,19.806],[85.004,19.805],[84.998,19.817],[84.992,19.815],[84.984,19.82],[84.969,19.854],[84.953,19.868],[84.936,19.875],[84.94,19.897],[84.928,19.908],[84.907,19.907],[84.906,19.916],[84.915,19.925],[84.921,19.943],[84.901,19.993],[84.883,20.001],[84.862,20.0],[84.857,20.031],[84.835,20.054],[84.811,20.068],[84.798,20.092],[84.807,20.104],[84.807,20.115],[84.822,20.12],[84.824,20.18],[84.832,20.216],[84.823,20.223],[84.782,20.232],[84.774,20.243],[84.766,20.246],[84.758,20.242],[84.736,20.244]]]}},{"type":"Feature","properties":{"district":"Puri"},"geometry":{"type":"Polygon","coordinates":[[[85.855,20.201],[85.84,20.2],[85.837,20.195],[85.845,20.192],[85.842,20.198],[85.855,20.192],[85.854,20.176],[85.844,20.176],[85.843,20.188],[85.837,20.192],[85.825,20.159],[85.806,20.161],[85.798,20.152],[85.779,20.158],[85.783,20.164],[85.78,20.167],[85.764,20.168],[85.764,20.154],[85.755,20.153],[85.753,20.147],[85.758,20.146],[85.757,20.142],[85.749,20.14],[85.745,20.148],[85.728,20.15],[85.721,20.142],[85.726,20.135],[85.723,20.13],[85.714,20.137],[85.719,20.143],[85.701,20.144],[85.701,20.152],[85.691,20.158],[85.681,20.144],[85.684,20.131],[85.675,20.125],[85.675,20.113],[85.686,20.105],[85.686,20.097],[85.692,20.096],[85.671,20.088],[85.675,20.077],[85.681,20.076],[85.677,20.069],[85.65,20.067],[85.649,20.097],[85.632,20.103],[85.644,20.089],[85.644,20.082],[85.637,20.082],[85.638,20.075],[85.622,20.067],[85.619,20.069],[85.612,20.038],[85.62,20.036],[85.619,20.032],[85.628,20.024],[85.614,19.993],[85.606,19.996],[85.615,20.02],[85.607,20.019],[85.589,19.999],[85.587,20.007],[85.581,20.009],[85.579,20.022],[85.572,20.026],[85.566,20.011],[85.572,20.007],[85.57,19.999],[85.567,19.998],[85.566,20.004],[85.562,19.996],[85.569,19.982],[85.566,19.978],[85.56,19.981],[85.555,19.975],[85.566,19.972],[85.562,19.952],[85.55,19.953],[85.552,19.963],[85.547,19.957],[85.532,19.959],[85.535,19.965],[85.528,19.972],[85.531,19.977],[85.517,19.974],[85.511,19.953],[85.499,19.946],[85.506,19.945],[85.506,19.948],[85.519,19.941],[85.509,19.936],[85.507,19.928],[85.52,19.931],[85.527,19.944],[85.534,19.939],[85.531,19.928],[85.568,19.917],[85.561,19.909],[85.57,19.904],[85.565,19.892],[85.568,19.883],[85.562,19.855],[85.5,19.87],[85.503,19.885],[85.438,19.883],[85.387,19.832],[85.359,19.822],[85.348,19.8],[85.343,19.801],[85.329,19.785],[85.286,19.782],[85.252,19.768],[85.25,19.744],[85.226,19.743],[85.217,19.739],[85.198,19.706],[85.211,19.696],[85.212,19.685],[85.206,19.678],[85.182,19.672],[85.173,19.559],[85.135,19.522],[85.149,19.495],[85.173,19.467],[85.295,19.552],[85.381,19.603],[85.678,19.744],[85.862,19.805],[85.948,19.828],[86.058,19.85],[86.194,19.889],[86.233,19.903],[86.31,19.941],[86.387,19.954],[86.411,19.974],[86.382,19.959],[86.374,19.976],[86.348,19.975],[86.338,19.985],[86.323,20.018],[86.27,20.041],[86.278,20.055],[86.254,20.053],[86.243,20.037],[86.23,20.043],[86.221,20.035],[86.211,20.043],[86.205,20.038],[86.203,20.043],[86.207,20.045],[86.2,20.052],[86.172,20.049],[86.168,20.041],[86.16,20.045],[86.123,20.039],[86.117,20.047],[86.127,20.057],[86.122,20.062],[86.107,20.067],[86.087,20.058],[86.076,20.073],[86.076,20.083],[86.088,20.085],[86.09,20.091],[86.085,20.101],[86.069,20.108],[86.056,20.103],[86.052,20.108],[86.029,20.108],[86.021,20.101],[86.01,20.113],[86.004,20.114],[85.999,20.107],[85.96,20.122],[85.953,20.113],[85.946,20.121],[85.944,20.115],[85.934,20.117],[85.925,20.113],[85.921,20.119],[85.902,20.127],[85.897,20.112],[85.88,20.113],[85.872,20.122],[85.874,20.126],[85.884,20.129],[85.904,20.152],[85.894,20.16],[85.889,20.17],[85.893,20.177],[85.887,20.184],[85.874,20.192],[85.866,20.191],[85.855,20.201]]]}}]}